ID,SampleID,StartTimeUTC,EndTimeUTC,StartTimeLocal,EndTimeLocal,TCcounts,TCmass,TCconc,AE33_BC6,AE33_ValidData,AE33_b,OC,EC,CO2,Volume,Chamber,SetupID,a1,b1,c1,d1,e1,f1,a2,b2,c2,d2,e2,f2
5344,5409,2022-10-31 19:00:00,2022-10-31 20:00:00,2022-10-31 22:00:00,2022-10-31 23:00:00,104.88,1795.51,1811,219,100,1,1592,219,391.81,991.39,2,24,386.627626434318,-0.0230134267539909,0.000321143216190568,-0.00000305681586682585,0.0000000113847768432376,-0.0000000000138282242372603,389.825367675464,0.0249524558933787,-0.000118497447478283,-0.0000000750782218164259,0.00000000143223292265692,-0.00000000000177754173115282
5345,5410,2022-10-31 20:00:00,2022-10-31 21:00:00,2022-10-31 23:00:00,2022-11-01 00:00:00,100.33,1729.61,1748,148,100,1,1600,148,392.55,989.61,1,24,392.506018967006,-0.026470681804796,0.000341299143553947,-0.00000366663128569159,0.0000000142611773035015,-0.0000000000179750522404045,390.628755797151,0.0133662537543793,-0.000030064429442785,-0.000000336583677126308,0.00000000193895063667426,-0.00000000000239651807853049
5346,5411,2022-10-31 21:00:00,2022-10-31 22:00:00,2022-11-01 00:00:00,2022-11-01 01:00:00,110.29,1888.24,1904,189,100,1,1715,189,391.83,991.81,2,24,387.283295160621,-0.011020247429159,0.0000611536825758673,-0.00000134857992040955,0.00000000679505967701405,-0.00000000000964784970107036,389.462662638203,0.0170382428385567,0.0000169275492285193,-0.000000946349007313564,0.00000000435023874882191,-0.00000000000566989850781136
5347,5412,2022-10-31 22:00:00,2022-10-31 23:00:00,2022-11-01 01:00:00,2022-11-01 02:00:00,100.94,1740.27,1759,132,100,1,1627,132,392.67,989.23,1,24,392.1872367869,-0.0164623008337897,0.0000756758162223529,-0.00000117997992777511,0.00000000478549361935649,-0.00000000000543654652446148,391.119858293868,0.0180893763080846,0.00000424748041793555,-0.000000955033263967351,0.0000000040534773748281,-0.00000000000464284620758653
5348,5413,2022-10-31 23:00:00,2022-11-01 00:00:00,2022-11-01 02:00:00,2022-11-01 03:00:00,102.92,1761.97,1777,111,100,1,1666,111,391.56,991.42,2,24,387.235875731992,-0.0069612017490413,0.00000118894612542275,-0.000000865614130107188,0.00000000489202071244195,-0.00000000000690503715103703,389.253395332598,0.010540323383506,0.000140005157152102,-0.0000016413496551823,0.00000000569439406089067,-0.00000000000622034759638853
5349,5414,2022-11-01 00:00:00,2022-11-01 01:00:00,2022-11-01 03:00:00,2022-11-01 04:00:00,89.88,1549.49,1563,139,100,1,1424,139,392.49,991.23,1,24,392.394566764587,-0.0416741527999442,0.000637565751478906,-0.00000553888299523201,0.0000000187366568213039,-0.0000000000214216600859521,390.811439643117,-0.000563745677125893,0.000325049282481796,-0.00000316206591853678,0.0000000109071919750296,-0.0000000000124114779491665
5350,5415,2022-11-01 01:00:00,2022-11-01 02:00:00,2022-11-01 04:00:00,2022-11-01 05:00:00,135.43,2318.64,2338,171,100,1,2167,171,391.54,991.53,2,24,386.645670329822,-0.0121869899984485,0.0000792108447127161,-0.0000012817615242294,0.00000000580310118982469,-0.00000000000752644074315574,389.110225592055,0.0107030078037563,0.00017897416983364,-0.00000230830097144049,0.00000000910975606521187,-0.0000000000115988995234177
5351,5416,2022-11-01 02:00:00,2022-11-01 03:00:00,2022-11-01 05:00:00,2022-11-01 06:00:00,104.07,1794.12,1811,109,100,1,1702,109,391.52,990.71,1,24,391.485308535125,-0.0155379586756103,0.0000481337316408839,-0.00000118954482589053,0.00000000576788040251713,-0.00000000000767444415568621,390.237766609516,0.00628518913053156,0.0000961860078625536,-0.0000012989518495557,0.00000000484339638403912,-0.00000000000547196130334646
5352,5417,2022-11-01 03:00:00,2022-11-01 04:00:00,2022-11-01 06:00:00,2022-11-01 07:00:00,108.77,1862.1,1878,213,100,1,1665,213,391.12,991.71,2,24,387.19424339764,-0.0166205660216876,0.000188051470158273,-0.00000224629611041071,0.00000000939358415592134,-0.0000000000122400500552253,389.329775214704,0.018710385018544,-0.0000958767969043247,0.000000212338951644268,-0.000000000455353245915358,0.00000000000118458924424293
5353,5418,2022-11-01 04:00:00,2022-11-01 05:00:00,2022-11-01 07:00:00,2022-11-01 08:00:00,117.84,2031.53,2050,321,100,1,1729,321,393.66,991.09,1,24,392.914011892268,-0.0267263147877993,0.000329481488571851,-0.00000335028121522825,0.0000000126604787189807,-0.0000000000156560701707352,391.42903277544,0.00769850550851766,0.000172365662991032,-0.00000176430120638364,0.00000000589681231909946,-0.00000000000642471052253508
5354,5419,2022-11-01 05:00:00,2022-11-01 06:00:00,2022-11-01 08:00:00,2022-11-01 09:00:00,110.95,1899.51,1917,374,100,1,1543,374,393.97,990.82,2,24,389.451545845661,-0.0189474604914912,0.000199702135033378,-0.00000228588183264398,0.00000000931543413253833,-0.0000000000118968730684889,391.296299502701,0.0221978849336688,-0.0000231590616960046,-0.000000879641380516308,0.00000000451827075874225,-0.00000000000597808515555289
5355,5420,2022-11-01 06:00:00,2022-11-01 07:00:00,2022-11-01 09:00:00,2022-11-01 10:00:00,131.5,2266.99,2287,443,100,1,1844,443,395.42,991.26,1,24,395.592414945651,-0.0198707190224301,0.000151928259040529,-0.00000221721129145159,0.00000000952375440440898,-0.0000000000123090878289263,393.929075981808,0.00807490375567516,0.000185928404754805,-0.00000213451200384466,0.00000000729112522571327,-0.00000000000786978711960803
5356,5421,2022-11-01 07:00:00,2022-11-01 08:00:00,2022-11-01 10:00:00,2022-11-01 11:00:00,150.32,2573.53,2594,513,100,1,2081,513,393.42,991.97,2,24,387.680950647384,-0.0345428301722971,0.000582498768720346,-0.00000526547027544464,0.00000001922003851375,-0.0000000000235942851120814,391.346289073877,0.0191171385523606,-0.00000575554050703534,-0.000000918996589461152,0.00000000430857648220243,-0.00000000000541097329651229
5357,5422,2022-11-01 08:00:00,2022-11-01 09:00:00,2022-11-01 11:00:00,2022-11-01 12:00:00,131.82,2272.51,2297,474,100,1,1823,474,394.97,989.32,1,24,396.36988927193,-0.0216975529196126,0.000125111646999183,-0.00000168293863687098,0.00000000670395162327131,-0.00000000000799794556854975,393.176232701081,0.00960263022406416,0.0000441393321938671,-0.000000665110660710696,0.0000000021035438333526,-0.00000000000165536966777914
5358,5423,2022-11-01 09:00:00,2022-11-01 10:00:00,2022-11-01 12:00:00,2022-11-01 13:00:00,128.68,2202.92,2222,494,100,1,1728,494,393.69,991.22,2,24,390.32094817024,-0.0181959988760736,0.000171510369049639,-0.00000224442256965176,0.00000000962723031182302,-0.0000000000125573577951523,391.927322310928,0.0126364240801844,0.0000812896185429069,-0.00000162703007436647,0.00000000694744233180704,-0.0000000000088815430978742
5359,5424,2022-11-01 10:00:00,2022-11-01 11:00:00,2022-11-01 13:00:00,2022-11-01 14:00:00,150.83,2600.35,2623,572,100,1,2051,572,395.27,991.46,1,24,395.42776589979,-0.0196986239719482,0.000178379306246175,-0.0000025847150321472,0.0000000110654403408553,-0.0000000000144024178376879,393.670188855655,0.0120169459706263,0.0000683091177333336,-0.00000112635734185996,0.0000000039660791638182,-0.00000000000405364554344723
5360,5425,2022-11-01 11:00:00,2022-11-01 12:00:00,2022-11-01 14:00:00,2022-11-01 15:00:00,145.3,2487.53,2512,634,100,1,1878,634,394.69,990.3,2,24,390.286460838289,-0.0193198711817187,0.000202352065760538,-0.00000234874306385352,0.00000000965609365582449,-0.0000000000123832566630881,392.141754090419,0.0235714170140247,-0.0000767768538858326,0.0000000370420439687927,-0.0000000000986596446979533,0.000000000000924157521728747
5361,5426,2022-11-01 12:00:00,2022-11-01 13:00:00,2022-11-01 15:00:00,2022-11-01 16:00:00,164.29,2832.44,2859,674,100,1,2185,674,395.59,990.75,1,24,395.724097602844,-0.0113040250106887,-0.0000117410009999737,-0.00000106818385120681,0.00000000622663008170131,-0.0000000000089694872356204,394.256848151696,0.0154618750308962,-0.0000513735067101539,-0.000000190119005430056,0.000000000909623889996606,-0.00000000000037321721665859
5362,5427,2022-11-01 13:00:00,2022-11-01 14:00:00,2022-11-01 16:00:00,2022-11-01 17:00:00,165.79,2838.31,2864,805,100,1,2059,805,395.51,991.18,2,24,390.606487220378,-0.0184737919013772,0.000207504219138166,-0.00000231415972652985,0.0000000093243187380813,-0.0000000000116975428442134,393.622727959829,0.0243329262491063,-0.000200982099602557,0.000000988293646541652,-0.00000000298655882575506,0.00000000000421441024818484
5363,5428,2022-11-01 14:00:00,2022-11-01 15:00:00,2022-11-01 17:00:00,2022-11-01 18:00:00,179.27,3090.54,3119,832,100,1,2287,832,397.2,990.8,1,24,397.278561038202,-0.0185109134348804,0.000166269691866496,-0.00000229437473031174,0.00000000954770552204944,-0.0000000000120791713877113,395.897453896858,0.0111725550045884,-0.0000336727389810692,-0.0000000185980155455864,-0.000000000179439678893259,0.00000000000121880551219529
5364,5429,2022-11-01 15:00:00,2022-11-01 16:00:00,2022-11-01 18:00:00,2022-11-01 19:00:00,221.23,3787.39,3821,867,100,1,2954,867,399.22,991.08,2,24,395.608772283687,-0.0181048570574137,0.000144485138792347,-0.00000191623640392878,0.00000000836543376778816,-0.0000000000110661339570058,396.841583324765,0.0118436327210435,0.0000792365718752476,-0.000000992361595493209,0.00000000320236734390571,-0.00000000000302316207093983
5365,5430,2022-11-01 16:00:00,2022-11-01 17:00:00,2022-11-01 19:00:00,2022-11-01 20:00:00,231.53,3991.64,4031,1128,100,1,2903,1128,401.17,990.3,1,24,401.757420248179,-0.0284427200054789,0.000206492146942612,-0.00000272014739771246,0.0000000117852429171117,-0.0000000000156594129272772,398.583104423802,0.0087598911328594,0.0000930764052868748,-0.00000105982591305984,0.0000000037644146947115,-0.00000000000411434055691585
5366,5431,2022-11-01 17:00:00,2022-11-01 18:00:00,2022-11-01 20:00:00,2022-11-01 21:00:00,287.15,4915.94,4956,1525,100,1,3431,1525,403.18,992,2,24,396.220361154597,-0.0246971132862756,0.000353158566673395,-0.00000304760751762489,0.0000000106154936328406,-0.0000000000122505095493299,400.367517381821,0.0157432548937792,0.0000840746451756024,-0.00000102467020498472,0.00000000284269296932987,-0.00000000000193686621921911
5367,5432,2022-11-01 18:00:00,2022-11-01 19:00:00,2022-11-01 21:00:00,2022-11-01 22:00:00,261.18,4502.69,4543,1429,100,1,3114,1429,405.79,991.18,1,24,404.017399322833,-0.0252387537287464,0.000280681782507719,-0.00000293193741317164,0.0000000110467415281641,-0.0000000000133250013791671,403.553112124733,0.00660502303361939,0.000301122014866589,-0.0000031343704959903,0.0000000108223921751751,-0.0000000000122393409950843
5368,5433,2022-11-01 19:00:00,2022-11-01 20:00:00,2022-11-01 22:00:00,2022-11-01 23:00:00,248.21,4249.29,4284,1398,93,1,2886,1398,405.12,991.93,2,24,399.803146914826,-0.0231478475596887,0.000311687809995973,-0.00000293223259684134,0.0000000106887712108184,-0.0000000000126617254903009,402.88169401379,0.0109883516859276,0.000179218710846325,-0.00000216848290504046,0.00000000777546157467667,-0.00000000000885551328462608
5369,5434,2022-11-01 20:00:00,2022-11-01 21:00:00,2022-11-01 23:00:00,2022-11-02 00:00:00,260.85,4497.1,4541,1338,100,1,3203,1338,406.84,990.38,1,24,406.696608579668,-0.0239021942688453,0.000293164156812051,-0.00000359093830632496,0.0000000149579598032691,-0.0000000000197323218812918,404.763770436981,0.0146584889422828,-0.0000454384656060503,0.000000227095071132498,-0.00000000147765192831967,0.00000000000316368679996598
5370,5435,2022-11-01 21:00:00,2022-11-01 22:00:00,2022-11-02 00:00:00,2022-11-02 01:00:00,240.23,4112.7,4151,1228,100,1,2923,1228,406.66,990.81,2,24,401.039424194956,-0.0123676943532821,0.000150802969753304,-0.00000208606518844437,0.00000000900662518841793,-0.0000000000118365132934941,403.695716267309,0.0166630830625049,0.000132059283560322,-0.0000016569106393997,0.00000000536909966992853,-0.00000000000513570009499635
5371,5436,2022-11-01 22:00:00,2022-11-01 23:00:00,2022-11-02 01:00:00,2022-11-02 02:00:00,260.1,4484.17,4526,1372,100,1,3154,1372,408.73,990.79,1,24,407.469651161205,-0.0133255382092326,0.0000895563420281096,-0.00000187971223722089,0.00000000871326730488703,-0.000000000011613913664915,406.602394259755,0.00866680668291056,0.000169491408914876,-0.0000017700246452991,0.00000000570831154217548,-0.00000000000580153818595156
5372,5437,2022-11-01 23:00:00,2022-11-02 00:00:00,2022-11-02 02:00:00,2022-11-02 03:00:00,259.1,4435.81,4472,1456,100,1,3016,1456,407.5,991.99,2,24,402.307248829725,-0.0106381923442693,0.0000962739262805374,-0.00000177106453734921,0.00000000851353866495344,-0.0000000000117866268759304,405.492714641094,0.0148465556398024,0.000044584347584642,-0.00000099997940345503,0.00000000366468831060866,-0.0000000000037224381546404
5373,5438,2022-11-02 00:00:00,2022-11-02 01:00:00,2022-11-02 03:00:00,2022-11-02 04:00:00,275.16,4743.76,4789,1584,100,1,3205,1584,408.96,990.56,1,24,408.327755707548,-0.0202799352491729,0.000209886250264536,-0.00000262139192199909,0.0000000107087001179554,-0.0000000000136324586236056,406.80599074084,0.00801183739581601,0.000192476152568438,-0.00000214431935065986,0.00000000752639044548056,-0.00000000000843035086003579
5374,5439,2022-11-02 01:00:00,2022-11-02 02:00:00,2022-11-02 04:00:00,2022-11-02 05:00:00,254.08,4349.92,4388,1502,100,1,2886,1502,408.29,991.41,2,24,403.261764533017,-0.0129385143856364,0.00012029737614048,-0.00000203837092412203,0.00000000965844078552887,-0.000000000013465558193655,405.940347194669,0.0169055110233714,0.0000312581318360144,-0.000000738071798433202,0.00000000224423892257841,-0.00000000000155016730955224
5375,5440,2022-11-02 02:00:00,2022-11-02 03:00:00,2022-11-02 05:00:00,2022-11-02 06:00:00,234.31,4039.53,4075,1209,100,1,2866,1209,409.39,991.21,1,24,408.977582731243,-0.0257693950706355,0.000296282180302409,-0.00000328845281720694,0.0000000129581541935059,-0.0000000000162558650090062,407.838109993599,0.0193746220875541,-0.000141203517047645,0.000000492473708872803,-0.00000000103780703621189,0.00000000000151309063289708
5376,5441,2022-11-02 03:00:00,2022-11-02 04:00:00,2022-11-02 06:00:00,2022-11-02 07:00:00,204.61,3502.92,3534,1055,100,1,2479,1055,408.6,991.2,2,24,403.097534477178,-0.0196630177735111,0.000259219237636854,-0.0000027463851166721,0.000000010789460872722,-0.0000000000135693261920923,405.855708759757,0.0183221430528028,0.0000149081198746019,-0.0000007255929504283,0.00000000281033896257971,-0.00000000000291202776528746
5377,5442,2022-11-02 04:00:00,2022-11-02 05:00:00,2022-11-02 07:00:00,2022-11-02 08:00:00,226.58,3906.16,3951,1257,100,1,2694,1257,411.57,988.75,1,24,408.948067601332,-0.0247866057181061,0.0003180114636245,-0.00000365193645159118,0.0000000147850255604647,-0.000000000018945719168458,409.323051258029,0.0089191716175058,0.000135557737937753,-0.0000016583329451942,0.0000000060170956704555,-0.00000000000674272646181272
5378,5443,2022-11-02 05:00:00,2022-11-02 06:00:00,2022-11-02 08:00:00,2022-11-02 09:00:00,235.8,4036.95,4072,1729,100,1,2343,1729,411.2,991.38,2,24,405.727489882325,-0.0217010744226947,0.000356549621945262,-0.00000350167911056628,0.0000000131046298619951,-0.0000000000160239056127423,408.740141475843,0.0155065317551635,0.0000688310521741798,-0.00000117300748221833,0.00000000425700530185047,-0.00000000000456616822839844
5379,5444,2022-11-02 06:00:00,2022-11-02 07:00:00,2022-11-02 09:00:00,2022-11-02 10:00:00,217.45,3748.92,3783,1426,100,1,2357,1426,411,991.07,1,24,411.608197414285,-0.0123783665698528,-0.00000605016398834258,-0.000000981475232170954,0.00000000534070645024401,-0.00000000000719347851352416,409.971221778922,0.0030552894274818,0.000144314778093276,-0.0000016668779868977,0.00000000615515892319554,-0.00000000000731029246771886
5380,5445,2022-11-02 07:00:00,2022-11-02 08:00:00,2022-11-02 10:00:00,2022-11-02 11:00:00,273.58,4683.72,4723,2225,100,1,2498,2225,409.05,991.68,2,24,400.274251702048,-0.00702748182257879,0.000124665441708288,-0.00000197404192699683,0.00000000925684590341361,-0.0000000000128203589222012,406.147024367177,0.0168082615372013,0.0000756727297743146,-0.00000135014067045603,0.00000000521681411657395,-0.0000000000059671899213851
5381,5446,2022-11-02 08:00:00,2022-11-02 09:00:00,2022-11-02 11:00:00,2022-11-02 12:00:00,272.47,4697.3,4744,2121,93,1,2623,2121,412.12,990.06,1,24,410.558638331373,-0.00790011943382233,0.0000400683976745122,-0.00000162736923882645,0.00000000811292781991367,-0.0000000000111245164736402,410.414096484969,0.0115217663369396,0.000123611272969711,-0.0000018439732042946,0.0000000070505337680788,-0.00000000000828461210583842
5382,5447,2022-11-02 09:00:00,2022-11-02 10:00:00,2022-11-02 12:00:00,2022-11-02 13:00:00,242.12,4145.18,4185,1759,100,1,2426,1759,413.1,990.48,2,24,409.541395585943,-0.0230757851049412,0.000206713558290445,-0.00000255084422511687,0.000000010979141086487,-0.0000000000146454472344053,410.160478779454,0.0218347340440022,-0.0000527442055333145,-0.000000307582037862946,0.00000000189939700011685,-0.00000000000236927926046149
5383,5448,2022-11-02 10:00:00,2022-11-02 11:00:00,2022-11-02 13:00:00,2022-11-02 14:00:00,249.57,4302.64,4350,1636,100,1,2714,1636,415.51,989.14,1,24,414.293741408112,-0.012887623214988,0.0000354079373589451,-0.0000014684062147052,0.00000000780201693313877,-0.0000000000111761778861624,413.412511959104,0.0115806636844932,0.0000201409269848184,-0.000000324446590916059,0.000000000588219025017533,0.00000000000037531005494686
5384,5449,2022-11-02 11:00:00,2022-11-02 12:00:00,2022-11-02 14:00:00,2022-11-02 15:00:00,211.4,3619.22,3650,1352,100,1,2298,1352,411.73,991.64,2,24,409.123735929686,-0.0296153645074746,0.000429552579090972,-0.0000041264768456933,0.0000000155492653817937,-0.0000000000194528076133298,410.333844242503,0.00247453575334165,0.000306865997466494,-0.00000340764547533387,0.0000000127474414874311,-0.0000000000157146246719301
,,2022-11-02 16:17:26,2022-11-02 16:17:26,2022-11-02 16:17:26,2022-11-02 16:17:26,,,,,,,,,,,,,,,,,,,,,,,,
,,2022-11-02 17:17:26,2022-11-02 17:17:26,2022-11-02 17:17:26,2022-11-02 17:17:26,,,,,,,,,,,,,,,,,,,,,,,,
,,2022-11-02 18:17:26,2022-11-02 18:17:26,2022-11-02 18:17:26,2022-11-02 18:17:26,,,,,,,,,,,,,,,,,,,,,,,,
5388,5453,2022-11-02 15:00:00,2022-11-02 16:00:00,2022-11-02 18:00:00,2022-11-02 19:00:00,327.36,5604.37,5657,1232,100,1,4425,1232,413.6,990.67,2,24,413.501096020494,-0.0234507697365575,-0.0000669441336858352,-0.0000000951594617117673,0.00000000270636287794372,-0.00000000000494850144621286,411.475034882541,0.0230647770541784,-0.000168515307278041,0.000000559196059800833,-0.000000000730467366373774,0.000000000000532748921308675
5388,5453,2022-11-02 15:00:00,2022-11-02 16:00:00,2022-11-02 18:00:00,2022-11-02 19:00:00,327.36,5604.37,5657,1232,100,1,4425,1232,413.6,990.67,2,24,413.501096020494,-0.0234507697365575,-0.0000669441336858352,-0.0000000951594617117673,0.00000000270636287794372,-0.00000000000494850144621286,411.475034882541,0.0230647770541784,-0.000168515307278041,0.000000559196059800833,-0.000000000730467366373774,0.000000000000532748921308675
5388,5453,2022-11-02 15:00:00,2022-11-02 16:00:00,2022-11-02 18:00:00,2022-11-02 19:00:00,327.36,5604.37,5657,1232,100,1,4425,1232,413.6,990.67,2,24,413.501096020494,-0.0234507697365575,-0.0000669441336858352,-0.0000000951594617117673,0.00000000270636287794372,-0.00000000000494850144621286,411.475034882541,0.0230647770541784,-0.000168515307278041,0.000000559196059800833,-0.000000000730467366373774,0.000000000000532748921308675
5388,5453,2022-11-02 15:00:00,2022-11-02 16:00:00,2022-11-02 18:00:00,2022-11-02 19:00:00,327.36,5604.37,5657,1232,100,1,4425,1232,413.6,990.67,2,24,413.501096020494,-0.0234507697365575,-0.0000669441336858352,-0.0000000951594617117673,0.00000000270636287794372,-0.00000000000494850144621286,411.475034882541,0.0230647770541784,-0.000168515307278041,0.000000559196059800833,-0.000000000730467366373774,0.000000000000532748921308675
5388,5453,2022-11-02 15:00:00,2022-11-02 16:00:00,2022-11-02 18:00:00,2022-11-02 19:00:00,327.36,5604.37,5657,1232,100,1,4425,1232,413.6,990.67,2,24,413.501096020494,-0.0234507697365575,-0.0000669441336858352,-0.0000000951594617117673,0.00000000270636287794372,-0.00000000000494850144621286,411.475034882541,0.0230647770541784,-0.000168515307278041,0.000000559196059800833,-0.000000000730467366373774,0.000000000000532748921308675
5389,5454,2022-11-02 16:00:00,2022-11-02 17:00:00,2022-11-02 19:00:00,2022-11-02 20:00:00,260.65,4493.56,4537,1271,100,1,3266,1271,412.58,990.51,1,24,412.319813804414,-0.0294955099989138,0.000221874969052623,-0.0000025487194912931,0.0000000106623936748356,-0.0000000000139363190733059,410.185048853487,0.0159411707437497,0.0000268425061795742,-0.000000678981913430211,0.00000000225022221256748,-0.00000000000190360410508837
5390,5455,2022-11-02 17:00:00,2022-11-02 18:00:00,2022-11-02 20:00:00,2022-11-02 21:00:00,194.47,3329.41,3359,1050,100,1,2309,1050,411.51,991.15,2,24,404.322936385604,-0.0136093738423004,0.000207357922761586,-0.00000207513968007094,0.00000000816799154820005,-0.0000000000104213103734619,409.253576648134,0.0140172466847185,0.000123414324469878,-0.00000172782222866091,0.00000000624617997591328,-0.00000000000699701266594966
5391,5456,2022-11-02 18:00:00,2022-11-02 19:00:00,2022-11-02 21:00:00,2022-11-02 22:00:00,211.11,3639.59,3673,1090,100,1,2583,1090,411.4,990.81,1,24,409.691584950893,-0.0238515624883936,0.00025480637250384,-0.00000305328210224936,0.0000000129562684218928,-0.000000000017394713931279,409.329154505286,0.0092642949851508,0.000117594477312051,-0.00000156673590032816,0.0000000062135318931901,-0.0000000000078939406215974
5392,5457,2022-11-02 19:00:00,2022-11-02 20:00:00,2022-11-02 22:00:00,2022-11-02 23:00:00,181.92,3114.48,3141,905,100,1,2236,905,410.66,991.65,2,24,403.53775905642,-0.0080051076614288,0.0000752149291076412,-0.00000137567512591747,0.00000000670683042309985,-0.00000000000936629879631936,407.606723821276,0.0242517834450346,-0.0000583329767683708,-0.00000045242176377661,0.00000000283998706726694,-0.00000000000394145769943008
5393,5458,2022-11-02 20:00:00,2022-11-02 21:00:00,2022-11-02 23:00:00,2022-11-03 00:00:00,180.64,3114.17,3143,867,100,1,2276,867,410.71,990.97,1,24,410.663003542856,-0.0258696412690599,0.000320230592938566,-0.00000378126558985283,0.0000000154393968779126,-0.000000000020097039011974,408.96454148792,0.0145885239727702,0.00000833018721866835,-0.000000902001525600089,0.00000000438334964935557,-0.000000000005937261144879
5394,5459,2022-11-02 21:00:00,2022-11-02 22:00:00,2022-11-03 00:00:00,2022-11-03 01:00:00,158.17,2707.83,2729,679,100,1,2050,679,409.59,992.23,2,24,402.985426814694,-0.0314413976108502,0.000554390891918709,-0.00000502670227039064,0.0000000182224906990978,-0.0000000000222372721506279,407.266434391984,0.0197232871306631,0.0000241903227592281,-0.000000972690215709536,0.00000000357443005241558,-0.0000000000034643185210168
5395,5460,2022-11-02 22:00:00,2022-11-02 23:00:00,2022-11-03 01:00:00,2022-11-03 02:00:00,151.27,2607.89,2632,562,100,1,2070,562,408.84,990.92,1,24,409.305377110685,-0.00429872822397904,-0.000114062866112809,-0.000000427431300633248,0.0000000043787144437557,-0.00000000000693921664183763,407.582115256358,0.00129853122883938,0.000153032876898039,-0.00000139112572662416,0.00000000427130455239133,-0.00000000000408686171979984
5396,5461,2022-11-02 23:00:00,2022-11-03 00:00:00,2022-11-03 02:00:00,2022-11-03 03:00:00,115.16,1971.54,1988,469,100,1,1519,469,407.05,991.84,2,24,401.940991096682,-0.0339639075249509,0.000549547556380952,-0.00000462644282846222,0.0000000157855845199856,-0.0000000000182150078618642,404.997997627776,0.0264561704684409,-0.000147342270517798,0.0000000242300127943378,0.00000000166670328232812,-0.00000000000272369851263467
5397,5462,2022-11-03 00:00:00,2022-11-03 01:00:00,2022-11-03 03:00:00,2022-11-03 04:00:00,124.27,2142.35,2162,473,100,1,1689,473,407.65,990.91,1,24,408.148406917811,-0.0232635298307044,0.000258475866821863,-0.0000032217182851871,0.0000000131771671007858,-0.000000000016943625927386,405.820444905003,0.00854501985213935,0.000116296808477124,-0.00000158212673417414,0.00000000607992556623467,-0.00000000000726718798223147
5398,5463,2022-11-03 01:00:00,2022-11-03 02:00:00,2022-11-03 04:00:00,2022-11-03 05:00:00,121.19,2074.78,2095,438,100,1,1657,438,405.84,990.43,2,24,400.086542325272,-0.0197702532367056,0.000300358639871925,-0.00000295854671278888,0.0000000111952060831213,-0.0000000000137616220425388,403.161709426726,0.0156485236312687,0.0000791077055369745,-0.00000140844822128681,0.00000000555082190270296,-0.00000000000651922252085888
5399,5464,2022-11-03 02:00:00,2022-11-03 03:00:00,2022-11-03 05:00:00,2022-11-03 06:00:00,124.78,2151.12,2172,367,100,1,1805,367,409.14,990.43,1,24,406.921707303865,-0.0223418023627164,0.000243788186554134,-0.00000287807874896855,0.0000000114940540139128,-0.0000000000144246414584883,406.329051278026,0.0172142181780446,-0.00000427647546568214,-0.0000000524339075575236,-0.000000000992081005942432,0.00000000000311695291045245
5400,5465,2022-11-03 03:00:00,2022-11-03 04:00:00,2022-11-03 06:00:00,2022-11-03 07:00:00,114.14,1954.13,1972,364,100,1,1608,364,409.46,991,2,24,402.397377981609,-0.0153366787437681,0.000247107705969489,-0.00000251495072103508,0.00000000947579096198126,-0.000000000011335837654367,407.283329843874,0.0145885000896002,0.000037668205657201,-0.000000909232737602806,0.00000000336062406602063,-0.00000000000334079285429469
5401,5466,2022-11-03 04:00:00,2022-11-03 05:00:00,2022-11-03 07:00:00,2022-11-03 08:00:00,131.96,2275.06,2296,488,100,1,1808,488,412.11,990.83,1,24,410.029558547486,-0.0158335021370618,0.000137572411629088,-0.00000185480211164313,0.0000000075328175735676,-0.00000000000918299767578368,410.201483652015,0.0049403443135026,0.000248953919475441,-0.00000271813477895143,0.00000000977869496194458,-0.000000000011355089853844
5402,5467,2022-11-03 05:00:00,2022-11-03 06:00:00,2022-11-03 08:00:00,2022-11-03 09:00:00,149.51,2559.61,2581,694,100,1,1887,694,412.29,991.8,2,24,406.499757346229,-0.00913698663926817,0.0000684012092321362,-0.00000131404677467676,0.00000000640413278512503,-0.00000000000883239902783589,410.195779576256,0.00266418086936064,0.000299502654575235,-0.00000286714915445672,0.00000000950805458143127,-0.0000000000103374618453908
5403,5468,2022-11-03 06:00:00,2022-11-03 07:00:00,2022-11-03 09:00:00,2022-11-03 10:00:00,168.13,2898.56,2925,976,93,1,1949,976,414.41,990.87,1,24,413.63365522271,-0.0253117081801357,0.00035156384877418,-0.00000383261500666259,0.0000000149306057021217,-0.0000000000187499900997906,413.04999783754,0.0208303880351158,-0.0000541257345998806,-0.000000723722227142679,0.00000000391986709750583,-0.00000000000501877631944329
5404,5469,2022-11-03 07:00:00,2022-11-03 08:00:00,2022-11-03 10:00:00,2022-11-03 11:00:00,171.59,2937.59,2964,1021,100,1,1943,1021,412.25,991.04,2,24,407.856888113179,-0.0163655994166659,0.000184708837392362,-0.00000221516216696189,0.00000000906933921332224,-0.0000000000114591961490718,410.389563255877,0.00943227930887922,0.000107294159173893,-0.0000013039665983361,0.00000000440061615406984,-0.00000000000450918272980618
5405,5470,2022-11-03 08:00:00,2022-11-03 09:00:00,2022-11-03 11:00:00,2022-11-03 12:00:00,184.08,3173.52,3202,1000,100,1,2202,1000,412.48,990.99,1,24,413.393883058252,-0.0300146033308924,0.000403410461121947,-0.00000456010321935098,0.0000000185972903180836,-0.0000000000244747440932896,411.394796901243,0.0152904118610618,-0.000134663044842782,0.000000449294344042172,-0.000000000517463825961299,0.000000000000279771886618952
5406,5471,2022-11-03 09:00:00,2022-11-03 10:00:00,2022-11-03 12:00:00,2022-11-03 13:00:00,178.99,3064.27,3092,1015,100,1,2077,1015,411.27,990.99,2,24,407.011659585611,-0.0181274282138944,0.000203294543580099,-0.00000213586010547574,0.00000000827031153022031,-0.0000000000100846911565398,409.277218746383,0.0165956524019968,-0.0000176039588008741,-0.000000474171488733094,0.00000000189707487783706,-0.00000000000157877722888957
5407,5472,2022-11-03 10:00:00,2022-11-03 11:00:00,2022-11-03 13:00:00,2022-11-03 14:00:00,196.07,3380.29,3412,1096,100,1,2316,1096,413.15,990.8,1,24,412.127010343885,-0.029293750288905,0.000423507870045626,-0.00000451496989700773,0.0000000176175439715276,-0.0000000000225279048670109,410.539504235206,0.0144548046202478,-0.0000154903046241354,-0.000000189282759246132,0.000000000740233303546296,-0.000000000000398616786920211
5408,5473,2022-11-03 11:00:00,2022-11-03 12:00:00,2022-11-03 14:00:00,2022-11-03 15:00:00,193.36,3310.32,3340,1136,100,1,2204,1136,412.64,991.21,2,24,406.86378781459,-0.0010826476372336,-0.000106000420386657,0.0000000553327515270932,0.00000000149612121416841,-0.00000000000247229645204947,409.7982357379,0.0146305006163767,0.0001026214495707,-0.00000128776523767141,0.00000000409689077236369,-0.00000000000372154541350606
5409,5474,2022-11-03 12:00:00,2022-11-03 13:00:00,2022-11-03 15:00:00,2022-11-03 16:00:00,205.11,3536.02,3575,1111,100,1,2464,1111,415.47,989.14,1,24,412.559629620936,-0.0138164056817516,0.0000931290547046701,-0.00000204539591761482,0.00000000979862419650526,-0.0000000000135049056385807,412.312601860343,0.0171326264974788,0.0000688511201369834,-0.00000130098120728948,0.00000000526578219584273,-0.00000000000635894954001646
5410,5475,2022-11-03 13:00:00,2022-11-03 14:00:00,2022-11-03 16:00:00,2022-11-03 17:00:00,203.68,3487.04,3522,1242,100,1,2280,1242,414.52,990.19,2,24,409.585148947895,-0.0192421726226123,0.000260814632229595,-0.00000266008771717496,0.0000000101700367289089,-0.0000000000125712149742061,412.149621548058,0.00702833812279054,0.000256927381405452,-0.00000283990761546268,0.0000000104136295177436,-0.0000000000125169128402138
5411,5476,2022-11-03 14:00:00,2022-11-03 15:00:00,2022-11-03 17:00:00,2022-11-03 18:00:00,244.07,4207.82,4250,1451,100,1,2799,1451,413.12,990.18,1,24,413.01457372981,-0.025578531262823,0.000317927690589322,-0.00000357822564681131,0.0000000143455044974921,-0.0000000000184896768242569,411.255041285953,0.0146871359214397,-0.0000409979253483021,-0.0000000751007108140088,0.000000000158579482925967,0.000000000000823382949466509
5412,5477,2022-11-03 15:00:00,2022-11-03 16:00:00,2022-11-03 18:00:00,2022-11-03 19:00:00,210.59,3605.28,3637,1281,100,1,2356,1281,415.51,991.16,2,24,409.652126973858,-0.0167582466968437,0.000189298156060755,-0.00000190843753131039,0.00000000712486351028168,-0.00000000000827983879020018,413.008359153769,0.01349531359164,0.00016175497988205,-0.00000212562399276276,0.00000000793248405722313,-0.00000000000941589739538342
5413,5478,2022-11-03 16:00:00,2022-11-03 17:00:00,2022-11-03 19:00:00,2022-11-03 20:00:00,220.21,3796.4,3833,1193,100,1,2640,1193,415.61,990.46,1,24,417.572181510952,-0.0140334286894454,-0.0000334660157318166,-0.00000102835091966268,0.00000000635643952078334,-0.00000000000931865237838814,413.727843095199,0.0168107464270949,-0.0000565231571861913,-0.0000000496340518388498,0.000000000434368790397401,-0.0000000000000937755060042489
5414,5479,2022-11-03 17:00:00,2022-11-03 18:00:00,2022-11-03 20:00:00,2022-11-03 21:00:00,190.95,3269.06,3300,1071,100,1,2229,1071,413.18,990.74,2,24,409.76317528007,-0.0287539944008553,0.000319786838808817,-0.00000305493346339946,0.0000000114120927341893,-0.000000000013846758412133,410.850243786956,0.017954310229918,-0.0000313071607158734,-0.000000295623308644478,0.00000000124316011575353,-0.000000000000922732698208945
5415,5480,2022-11-03 18:00:00,2022-11-03 19:00:00,2022-11-03 21:00:00,2022-11-03 22:00:00,202,3482.53,3519,1003,100,1,2516,1003,413.29,989.56,1,24,413.455746429742,-0.0252982865443841,0.000225804808558854,-0.00000258820661415954,0.0000000101940645990519,-0.0000000000126192314581732,411.695894381585,0.00213298573870413,0.000334550967293785,-0.00000365120730773418,0.0000000135406621769584,-0.0000000000165032742897406
5416,5481,2022-11-03 19:00:00,2022-11-03 20:00:00,2022-11-03 22:00:00,2022-11-03 23:00:00,180.97,3098.26,3132,899,100,1,2233,899,411,989.36,2,24,407.072982988941,-0.0237177693762778,0.000308412372322807,-0.00000311195978059518,0.0000000119042598439661,-0.0000000000147728357104843,408.777383732413,0.00802887699395562,0.000234764473186334,-0.0000027531956363077,0.0000000103495431630584,-0.0000000000126158479113782
5417,5482,2022-11-03 20:00:00,2022-11-03 21:00:00,2022-11-03 23:00:00,2022-11-04 00:00:00,193.25,3331.55,3368,960,100,1,2408,960,412.27,989.11,1,24,411.237854673172,-0.0222452850044012,0.000256709789193788,-0.00000332823461285101,0.000000013903271075235,-0.0000000000180976827657603,410.453507448837,0.0137198794756582,0.0000544274009619211,-0.00000115555542402691,0.0000000045356100884221,-0.00000000000520450117564284
5418,5483,2022-11-03 21:00:00,2022-11-03 22:00:00,2022-11-04 00:00:00,2022-11-04 01:00:00,176.32,3018.52,3049,856,100,1,2193,856,411.97,990.05,2,24,406.301925779324,-0.0173969417048304,0.000230808830994843,-0.00000251888014598336,0.0000000101538402457417,-0.0000000000130720765256551,408.915015231065,0.0198741896632482,0.0000509964902872687,-0.00000136509396678043,0.00000000589287289298182,-0.00000000000746660791600314
5419,5484,2022-11-03 22:00:00,2022-11-03 23:00:00,2022-11-04 01:00:00,2022-11-04 02:00:00,171.41,2955.04,2989,739,100,1,2250,739,413.48,988.8,1,24,414.031478041134,-0.0253618617029863,0.000317849930299418,-0.00000371581744674488,0.0000000147903667074877,-0.000000000018796359716255,411.683940817835,0.00989651095261668,0.000131486520617869,-0.00000172223960589651,0.00000000630914666985962,-0.0000000000072215785730925
5420,5485,2022-11-03 23:00:00,2022-11-04 00:00:00,2022-11-04 02:00:00,2022-11-04 03:00:00,163.08,2791.86,2816,674,100,1,2142,674,412.57,991.58,2,24,406.046302521399,-0.020184622990483,0.000283746137181638,-0.00000311705244704322,0.0000000124373495446383,-0.0000000000158201433336513,409.174455847001,0.0102096475118681,0.00020973740685564,-0.00000199851927635027,0.00000000633310002094258,-0.00000000000643664753559074
5421,5486,2022-11-04 00:00:00,2022-11-04 01:00:00,2022-11-04 03:00:00,2022-11-04 04:00:00,156.5,2698.12,2723,597,100,1,2126,597,413.35,990.72,1,24,413.888635471636,-0.0224956812535752,0.000283815897036158,-0.0000036373373540413,0.0000000152042840209634,-0.0000000000200331057105258,411.753061450893,0.0129935367498245,-0.0000473261920700964,0.0000000641622590847416,-0.000000000219497638195589,0.000000000000805946843305036
5422,5487,2022-11-04 01:00:00,2022-11-04 02:00:00,2022-11-04 04:00:00,2022-11-04 05:00:00,139.4,2386.52,2407,547,93,1,1860,547,409.95,991.53,2,24,405.158976769905,-0.0113984140411718,0.0000997900140337988,-0.00000167521549039539,0.00000000764661230150479,-0.0000000000101724799217067,407.604225833481,0.0187569797600891,0.0000682565963720053,-0.00000154438156362719,0.00000000628843784123149,-0.0000000000076408250427509
5423,5488,2022-11-04 02:00:00,2022-11-04 03:00:00,2022-11-04 05:00:00,2022-11-04 06:00:00,144.25,2486.84,2510,510,100,1,2000,510,412.99,990.62,1,24,410.320442718922,-0.0194503074752367,0.000211402583797003,-0.0000029246068867792,0.0000000125222301484256,-0.0000000000164188101593014,410.226517382638,0.0247285744468606,-0.0000948808311314868,0.0000000119343119799842,0.000000000623280568884861,-0.000000000000546567097631274
5424,5489,2022-11-04 03:00:00,2022-11-04 04:00:00,2022-11-04 06:00:00,2022-11-04 07:00:00,138.05,2363.42,2384,549,100,1,1835,549,412.97,991.53,2,24,406.530545034576,-0.0298707424657065,0.000478231646551399,-0.0000043335370700721,0.0000000157862727271554,-0.0000000000192576792770513,410.650168965194,0.0130582680185404,0.000130288379246206,-0.00000170225867578552,0.0000000060329643857867,-0.00000000000664990473241772
5425,5490,2022-11-04 04:00:00,2022-11-04 05:00:00,2022-11-04 07:00:00,2022-11-04 08:00:00,151.52,2612.14,2636,616,100,1,2020,616,415.05,990.79,1,24,413.465070998306,-0.0188330487157448,0.000199758775155099,-0.0000027662484902327,0.0000000120031370518378,-0.0000000000160560579927918,412.782197283041,0.0176853815898405,-0.0000715009564284771,0.000000132128692964097,-0.000000000258663924961368,0.000000000000817313772447442
5426,5491,2022-11-04 05:00:00,2022-11-04 06:00:00,2022-11-04 08:00:00,2022-11-04 09:00:00,135.67,2322.71,2344,482,100,1,1862,482,412.39,990.99,2,24,408.095574961055,-0.0187019730527048,0.000157022905312716,-0.00000188088954084892,0.00000000794814716339974,-0.000000000010265922724798,410.246932189438,0.0148322090053404,0.0000304427975739863,-0.000000764242603847329,0.00000000261850711920924,-0.00000000000226911511579608
5427,5492,2022-11-04 06:00:00,2022-11-04 07:00:00,2022-11-04 09:00:00,2022-11-04 10:00:00,148.58,2561.49,2586,643,100,1,1943,643,412.58,990.38,1,24,412.914207866269,-0.0169253420367038,0.0000809141502534309,-0.0000015451334911282,0.00000000675975128384256,-0.00000000000846205600071062,410.720822081091,0.00228968056355869,0.000280750261812538,-0.00000289375970775504,0.0000000103522231586139,-0.0000000000122106860029525
5428,5493,2022-11-04 07:00:00,2022-11-04 08:00:00,2022-11-04 10:00:00,2022-11-04 11:00:00,173.66,2972.98,2999,1173,100,1,1826,1173,413.72,991.42,2,24,405.908878976276,-0.0132369794459876,0.00015271085145548,-0.00000215192366330479,0.0000000097079658277986,-0.0000000000131842482488044,410.259272983101,0.029683784829597,-0.000172559409340589,0.000000813495906909569,-0.00000000248234089725033,0.00000000000346450379115076
5429,5494,2022-11-04 08:00:00,2022-11-04 09:00:00,2022-11-04 11:00:00,2022-11-04 12:00:00,188.01,3241.36,3275,1093,100,1,2182,1093,415.76,989.75,1,24,415.441340012141,-0.0288121971011257,0.000365360027518176,-0.00000388301068353916,0.000000015150493754637,-0.0000000000192460959168836,413.373713748034,0.0156879348653877,0.0000566704176614119,-0.00000119537833692848,0.00000000476862444957499,-0.00000000000559423434314525
5430,5495,2022-11-04 09:00:00,2022-11-04 10:00:00,2022-11-04 12:00:00,2022-11-04 13:00:00,169.83,2907.45,2934,1085,100,1,1849,1085,415.11,990.94,2,24,409.03798158532,-0.0129360477910916,0.000213207491788983,-0.00000261133984741146,0.0000000106030291170896,-0.0000000000132708442935448,412.458466784999,0.0307180710321898,-0.00023790851485175,0.000000971711342178018,-0.00000000198196752762242,0.00000000000198399466678325
5431,5496,2022-11-04 10:00:00,2022-11-04 11:00:00,2022-11-04 13:00:00,2022-11-04 14:00:00,204.65,3528.22,3561,1092,100,1,2469,1092,416.65,990.86,1,24,415.928975231403,-0.0167700740997344,0.000122788331436132,-0.00000188839792655724,0.00000000822796565072643,-0.0000000000106850027541112,415.242266385827,0.00993049248975481,0.0000335514169926123,-0.0000009498060985133,0.00000000435023733753268,-0.00000000000584515098512842
5432,5497,2022-11-04 11:00:00,2022-11-04 12:00:00,2022-11-04 14:00:00,2022-11-04 15:00:00,201.51,3449.85,3482,1080,100,1,2402,1080,414.36,990.76,2,24,410.407334020894,-0.0237569135446914,0.000306393437801892,-0.00000315110702074407,0.0000000122476361413139,-0.000000000015387301011489,412.445890892718,0.0242730447829786,-0.000204288051325852,0.00000103215993859968,-0.00000000311226511309564,0.0000000000042897927692987
5433,5498,2022-11-04 12:00:00,2022-11-04 13:00:00,2022-11-04 15:00:00,2022-11-04 16:00:00,215.26,3711.05,3749,1036,100,1,2713,1036,413.86,989.85,1,24,414.842518879367,-0.0198461292697264,0.000210793280536682,-0.00000271643065590798,0.0000000109164281077339,-0.0000000000136118752146774,413.010216979811,0.0056859185058133,0.000152844362460432,-0.00000216572512900957,0.00000000880320856440988,-0.0000000000112918691117735
5434,5499,2022-11-04 13:00:00,2022-11-04 14:00:00,2022-11-04 16:00:00,2022-11-04 17:00:00,208.48,3569.16,3605,1091,100,1,2514,1091,412.04,990,2,24,406.669489337668,-0.0206180434029564,0.000247258351876256,-0.00000244333354844013,0.00000000912276298070606,-0.0000000000107920622403385,409.738006304505,0.0196202738900353,-0.0000392217416721362,-0.00000075749474724015,0.00000000446441698026829,-0.00000000000639834741770218
5435,5500,2022-11-04 14:00:00,2022-11-04 15:00:00,2022-11-04 17:00:00,2022-11-04 18:00:00,221.74,3822.83,3862,1167,100,1,2695,1167,412.15,989.91,1,24,412.952047056531,-0.0303664146532644,0.000406051428474029,-0.00000419174533257088,0.0000000159460738824245,-0.0000000000198192479148071,410.550810691614,0.0116036498232374,0.000051496634055576,-0.00000121185421919368,0.00000000515806044283857,-0.00000000000635715243035751
5436,5501,2022-11-04 15:00:00,2022-11-04 16:00:00,2022-11-04 18:00:00,2022-11-04 19:00:00,191.88,3284.98,3316,855,100,1,2461,855,410.57,990.53,2,24,405.248403568721,-0.0249479339229835,0.000422114070385996,-0.00000414124853354975,0.0000000156085961335429,-0.0000000000194809306295074,407.984872428688,0.0170158714220915,0.0000271144875570546,-0.000000861696637042547,0.00000000338347777800593,-0.00000000000366234586335109
5437,5502,2022-11-04 16:00:00,2022-11-04 17:00:00,2022-11-04 19:00:00,2022-11-04 20:00:00,212.82,3668.98,3708,900,100,1,2808,900,411.01,989.47,1,24,410.208371162586,-0.00987337566212149,0.00000381306789211792,-0.00000141066035033501,0.00000000796229711464865,-0.0000000000116515778269317,408.890277368356,0.0165161650375958,-0.0000359602641503798,-0.000000341507787557639,0.0000000020089264755168,-0.00000000000271125077225222
5438,5503,2022-11-04 17:00:00,2022-11-04 18:00:00,2022-11-04 20:00:00,2022-11-04 21:00:00,188.65,3229.72,3261,729,100,1,2532,729,408.51,990.51,2,24,403.469467846671,-0.0233907263707361,0.000291288502129912,-0.00000285932455865813,0.0000000108889055363628,-0.0000000000133991766120467,406.38875699266,0.0189674771692261,0.0000623838681462524,-0.00000169634540794104,0.00000000730000005958379,-0.00000000000924849095010883
5439,5504,2022-11-04 18:00:00,2022-11-04 19:00:00,2022-11-04 21:00:00,2022-11-04 22:00:00,201.94,3481.41,3515,674,100,1,2841,674,409.06,990.41,1,24,408.862996168477,-0.0160980315565415,0.000149044897276223,-0.00000246058429442373,0.0000000109639407195106,-0.000000000014529456063083,407.539274307485,0.00828568439475838,0.0000523265436664689,-0.00000103671058250195,0.0000000044850738078246,-0.00000000000570469529657681
5440,5505,2022-11-04 19:00:00,2022-11-04 20:00:00,2022-11-04 22:00:00,2022-11-04 23:00:00,179.11,3066.43,3095,642,100,1,2453,642,407.91,990.75,2,24,402.789177255911,-0.0223823078836799,0.000298191993337292,-0.00000304686179764564,0.0000000119532348971411,-0.0000000000151155466157264,405.288829309945,0.017915869510811,0.0000959347374524577,-0.00000197993915067174,0.00000000856398354821183,-0.0000000000111528337535059
5441,5506,2022-11-04 20:00:00,2022-11-04 21:00:00,2022-11-04 23:00:00,2022-11-05 00:00:00,174.7,3011.88,3040,561,100,1,2479,561,408.75,990.87,1,24,408.199429598625,-0.0303764773501805,0.000466074241237759,-0.00000460137770064326,0.0000000165270771536083,-0.0000000000194614014084975,406.882685642168,0.00515854265055559,0.000193655078941544,-0.00000193043755117406,0.00000000640088005156343,-0.00000000000690080249016454
5442,5507,2022-11-04 21:00:00,2022-11-04 22:00:00,2022-11-05 00:00:00,2022-11-05 01:00:00,178.17,3050.33,3079,542,100,1,2537,542,407.28,990.63,2,24,400.960129430122,-0.0277592818903425,0.000475857100956535,-0.00000456322936862912,0.0000000169447666148679,-0.0000000000207693688769205,405.00884397613,0.0230244113422716,-0.0000634544443323556,-0.000000395996006827139,0.00000000224463986027821,-0.00000000000260598528788189
5443,5508,2022-11-04 22:00:00,2022-11-04 23:00:00,2022-11-05 01:00:00,2022-11-05 02:00:00,185.58,3199.39,3232,467,95,1,2765,467,407.37,989.89,1,24,407.50471347128,-0.0137961851539836,0.0000821713410911698,-0.00000192054311160557,0.00000000924713253810174,-0.0000000000126631413759215,405.792945616848,0.0067406247175711,0.000119334624887157,-0.00000116028842490854,0.00000000299333024779126,-0.00000000000166711138881378
5444,5509,2022-11-04 23:00:00,2022-11-05 00:00:00,2022-11-05 02:00:00,2022-11-05 03:00:00,135,2311.27,2332,289,100,1,2043,289,405.42,990.98,2,24,400.194333635925,-0.008929288103447,0.000118305563115899,-0.00000204619242940204,0.00000000942490733067466,-0.0000000000127715872421171,402.954888776085,0.010073934107058,0.00020835544426529,-0.00000216324532540916,0.0000000070230269767434,-0.00000000000728005210682762
5445,5510,2022-11-05 00:00:00,2022-11-05 01:00:00,2022-11-05 03:00:00,2022-11-05 04:00:00,112.34,1936.79,1955,196,100,1,1759,196,405.62,990.83,1,24,405.550716631394,-0.0166532102716636,0.0000948234878862751,-0.00000182674634324582,0.00000000832810944658987,-0.0000000000109948525810998,403.728917613296,0.0173706574308337,-0.000000984732415788504,-0.00000093367690148375,0.00000000443114895195929,-0.00000000000570041546345918
5446,5511,2022-11-05 01:00:00,2022-11-05 02:00:00,2022-11-05 04:00:00,2022-11-05 05:00:00,159.13,2724.36,2749,360,100,1,2389,360,404.8,990.95,2,24,398.25729218094,-0.00781472168106001,0.0000604143034670411,-0.00000137799217104703,0.00000000712580194646207,-0.0000000000102440036252911,402.512921815466,0.00882027873980689,0.000203826092971833,-0.00000202383165998431,0.00000000617083531885574,-0.0000000000057410804252001
5447,5512,2022-11-05 02:00:00,2022-11-05 03:00:00,2022-11-05 05:00:00,2022-11-05 06:00:00,174.41,3006.82,3034,449,100,1,2585,449,405.94,990.91,1,24,405.765861700889,-0.00795024178109396,-0.000000153108801423865,-0.00000132951345033705,0.00000000758990239636814,-0.0000000000111544537621009,404.166617587009,0.0120766751984372,0.0000286136535875359,-0.000000689181521694455,0.00000000240737648360244,-0.00000000000214437718126837
5448,5513,2022-11-05 03:00:00,2022-11-05 04:00:00,2022-11-05 06:00:00,2022-11-05 07:00:00,126.28,2161.99,2180,312,100,1,1868,312,404.96,991.62,2,24,399.359658735717,-0.0170772437320351,0.000272982098766105,-0.00000295586748629383,0.0000000116501054573926,-0.0000000000148280922514528,402.390337468701,0.00705092092943504,0.000314999414093321,-0.00000341604146624995,0.0000000123314405476231,-0.00000000001454224701155
5449,5514,2022-11-05 04:00:00,2022-11-05 05:00:00,2022-11-05 07:00:00,2022-11-05 08:00:00,126.76,2185.37,2210,253,100,1,1957,253,405.44,988.97,1,24,405.27088776175,-0.0190313515361937,0.000214235123089729,-0.00000291895860554866,0.0000000122061384880577,-0.0000000000157997712971861,403.577758448893,0.0050450342590321,0.000230442933487177,-0.00000241047690529356,0.00000000858685374316254,-0.0000000000102006582879421
5450,5515,2022-11-05 05:00:00,2022-11-05 06:00:00,2022-11-05 08:00:00,2022-11-05 09:00:00,118.71,2032.27,2050,244,100,1,1806,244,405.08,991.32,2,24,398.440119566971,-0.0277881641030327,0.000458756846498284,-0.00000450425706315288,0.0000000171891926494879,-0.0000000000216238875728988,402.280476710514,0.0089058723262309,0.0002226012091787,-0.00000217597344203183,0.00000000700373678557512,-0.00000000000730463719302595
5451,5516,2022-11-05 06:00:00,2022-11-05 07:00:00,2022-11-05 09:00:00,2022-11-05 10:00:00,142.95,2464.44,2489,431,100,1,2058,431,406.7,990.15,1,24,405.71599948491,-0.020305080433226,0.000214127776491162,-0.00000266258404251296,0.0000000108296504221024,-0.0000000000137764266331908,404.824609282469,0.017645975356828,0.0000109199359561998,-0.000000773136153718148,0.0000000028628593649993,-0.00000000000277453040827235
5452,5517,2022-11-05 07:00:00,2022-11-05 08:00:00,2022-11-05 10:00:00,2022-11-05 11:00:00,144.05,2466.19,2487,535,100,1,1952,535,406.29,991.65,2,24,400.679883431388,-0.02311963953939,0.000342154944263685,-0.00000355288069470744,0.0000000139874708471759,-0.0000000000178082055634488,404.092598922792,-0.0000370815122268542,0.000279021738813996,-0.00000233191461586128,0.00000000692139817078575,-0.00000000000648879819380643
5453,5518,2022-11-05 08:00:00,2022-11-05 09:00:00,2022-11-05 11:00:00,2022-11-05 12:00:00,156.88,2704.6,2735,740,100,1,1995,740,411.1,989,1,24,408.258713306206,-0.0211884757796412,0.000305513706679678,-0.0000036934568420921,0.0000000148695822327934,-0.0000000000188997622843679,408.160829536223,0.0211956577203018,-0.000007089760496893,-0.00000109909056834163,0.00000000597256424739041,-0.0000000000087275798023848
5454,5519,2022-11-05 09:00:00,2022-11-05 10:00:00,2022-11-05 12:00:00,2022-11-05 13:00:00,157.05,2688.72,2710,696,100,1,2014,696,411.3,992.18,2,24,404.978912471151,-0.0226245829847862,0.000334206255379961,-0.00000328426444418107,0.0000000123409479880789,-0.000000000015058305231696,408.699610702533,0.0254982582769057,-0.0000604049438028198,-0.000000275191555975739,0.00000000110497095011206,-0.000000000000442003994653412
5455,5520,2022-11-05 10:00:00,2022-11-05 11:00:00,2022-11-05 13:00:00,2022-11-05 14:00:00,168.94,2912.54,2940,758,100,1,2182,758,414.05,990.65,1,24,411.813050947946,-0.00665814322653676,-0.00000332532794579356,-0.00000127759660377959,0.00000000704712995384668,-0.00000000000990263193387907,411.133995405294,0.0172080787770953,0.0000929174120722687,-0.00000182375517420475,0.00000000776735361955771,-0.00000000000984501509274021
5456,5521,2022-11-05 11:00:00,2022-11-05 12:00:00,2022-11-05 14:00:00,2022-11-05 15:00:00,165.67,2836.23,2864,797,100,1,2067,797,413.44,990.36,2,24,407.478910516936,-0.00225947580724548,-0.000102899543308288,0.000000212436375828505,0.000000000672781220629402,-0.00000000000123986793069245,411.465913458773,0.0164292185686483,0.000100712711581058,-0.00000201348423084086,0.00000000855462786625443,-0.0000000000110492559953218
5457,5522,2022-11-05 12:00:00,2022-11-05 13:00:00,2022-11-05 15:00:00,2022-11-05 16:00:00,173.76,2995.55,3025,763,100,1,2262,763,415.96,990.28,1,24,413.512897774393,-0.0258062369827607,0.000395197787147438,-0.00000443723585744948,0.0000000176138766106437,-0.0000000000226398078481768,413.076046495786,0.0122566732181145,0.000145861477551013,-0.0000021196385840612,0.00000000887348466807043,-0.0000000000116062191229903
5458,5523,2022-11-05 13:00:00,2022-11-05 14:00:00,2022-11-05 16:00:00,2022-11-05 17:00:00,183.79,3146.51,3175,802,100,1,2373,802,416,991.16,2,24,409.840010678143,-0.019790008172569,0.000253331361730476,-0.0000028416087178911,0.000000011706011475791,-0.0000000000152931349703849,413.455293381107,0.0106389735262228,0.000212008533283513,-0.00000254167214653966,0.00000000947864344189441,-0.0000000000114094197224685
5459,5524,2022-11-05 14:00:00,2022-11-05 15:00:00,2022-11-05 17:00:00,2022-11-05 18:00:00,208.6,3596.31,3635,968,100,1,2667,968,417.47,989.47,1,24,417.34672638536,-0.0266738368336472,0.000329533719763948,-0.00000371154188662093,0.0000000148600148504133,-0.000000000019052276143221,415.27780849344,0.0246170985284014,-0.000224039102510316,0.00000118686084467818,-0.00000000328083010684806,0.00000000000395099316712216
5460,5525,2022-11-05 15:00:00,2022-11-05 16:00:00,2022-11-05 18:00:00,2022-11-05 19:00:00,204.1,3494.23,3522,981,100,1,2541,981,416.73,992.19,2,24,411.027020436609,-0.00803893822289799,-0.00000395572881252084,-0.000000567615975510199,0.00000000327359058876959,-0.00000000000439707905868973,414.012936230006,0.0161138151651157,0.0000961006262037143,-0.00000173575004056033,0.00000000720450803167467,-0.00000000000905934293508268
5461,5526,2022-11-05 16:00:00,2022-11-05 17:00:00,2022-11-05 19:00:00,2022-11-05 20:00:00,229.1,3949.66,3994,1068,100,1,2926,1068,416.69,988.8,1,24,416.301574105991,-0.0290337716677398,0.00035702291682903,-0.00000376424564883795,0.0000000144276374174001,-0.0000000000179216250209189,415.425704643615,-0.00124622910983912,0.000341161181246802,-0.00000329178535095449,0.0000000110931479392303,-0.0000000000123627865708163
5462,5527,2022-11-05 17:00:00,2022-11-05 18:00:00,2022-11-05 20:00:00,2022-11-05 21:00:00,240,4108.73,4145,1142,100,1,3003,1142,414.32,991.32,2,24,409.145042991414,-0.0139250799573467,0.00019529365732255,-0.00000255374014982312,0.0000000110651728369273,-0.0000000000148359543925722,412.095442323211,0.00199608078387674,0.000280015510436252,-0.00000248854465720722,0.00000000776205882725799,-0.00000000000786826056264497
5463,5528,2022-11-05 18:00:00,2022-11-05 19:00:00,2022-11-05 21:00:00,2022-11-05 22:00:00,241.38,4161.33,4201,1064,100,1,3137,1064,414.43,990.47,1,24,413.99159288136,-0.0144914133781123,0.0000894168290167469,-0.00000184035990438416,0.00000000836996271634984,-0.0000000000109053082588324,412.683701359855,0.00868022811457439,0.000159353965644925,-0.00000192151520680502,0.00000000698304627202864,-0.00000000000817163301942654
5464,5529,2022-11-05 19:00:00,2022-11-05 20:00:00,2022-11-05 22:00:00,2022-11-05 23:00:00,225.63,3862.78,3893,1043,100,1,2850,1043,411.92,992.11,2,24,406.714202675376,-0.0160545085324518,0.000179180639776759,-0.00000214758368130968,0.00000000888605043382258,-0.0000000000113342446492988,409.850698132124,0.0327181584795507,-0.00035213982854906,0.00000224550576131322,-0.00000000735855292705734,0.00000000000941390366929022
5465,5530,2022-11-05 20:00:00,2022-11-05 21:00:00,2022-11-05 23:00:00,2022-11-06 00:00:00,273.15,4709.1,4753,1201,100,1,3552,1201,415.41,990.73,1,24,412.219931572328,-0.0203128458940639,0.000183996894624083,-0.00000237589143913636,0.0000000100524455602092,-0.000000000013004222831356,412.298937482086,0.0215592193108625,-0.0000708590753315605,-0.000000227857173531293,0.00000000209314413343622,-0.00000000000307254775601212
5466,5531,2022-11-05 21:00:00,2022-11-05 22:00:00,2022-11-06 00:00:00,2022-11-06 01:00:00,259.73,4446.65,4484,1100,100,1,3384,1100,414.67,991.68,2,24,408.996756883406,-0.00777022284035683,0.000110651244819552,-0.00000183506538493506,0.00000000842077264797709,-0.0000000000113939242625931,412.411742871383,0.0121447145648165,0.000170016851875148,-0.00000212346070210872,0.00000000761786219692751,-0.00000000000864784771922423
5467,5532,2022-11-05 22:00:00,2022-11-05 23:00:00,2022-11-06 01:00:00,2022-11-06 02:00:00,258.58,4457.97,4499,1137,100,1,3362,1137,415.7,990.87,1,24,413.674501433266,-0.0221914654152796,0.000284131356978733,-0.00000327527531793604,0.0000000128709318997356,-0.0000000000161806257317456,413.109691576231,0.0174641602264906,0.0000135936229179987,-0.000000841282853899935,0.00000000371424364025033,-0.00000000000452512401317016
5468,5533,2022-11-05 23:00:00,2022-11-06 00:00:00,2022-11-06 02:00:00,2022-11-06 03:00:00,247.27,4233.21,4270,1090,93,1,3180,1090,413.88,991.41,2,24,408.828981534495,-0.010808767463301,0.000187015809608942,-0.00000277709018783612,0.0000000123908897844672,-0.0000000000168427037963129,411.555343030874,0.0291366215855483,-0.000232534184399884,0.00000130268526971684,-0.0000000043715094435848,0.00000000000604572814342254
5469,5534,2022-11-06 00:00:00,2022-11-06 01:00:00,2022-11-06 03:00:00,2022-11-06 04:00:00,228.36,3936.92,3978,907,100,1,3071,907,410.24,989.72,1,24,413.608554229405,-0.0300823800200362,0.000382647474806172,-0.00000383430258303278,0.0000000137113241126472,-0.0000000000160543299137448,409.015981217046,0.0119012524957853,-0.0000262516818019517,-0.000000589302614669057,0.00000000352739024269496,-0.00000000000517903346538501
5470,5535,2022-11-06 01:00:00,2022-11-06 02:00:00,2022-11-06 04:00:00,2022-11-06 05:00:00,218.39,3738.77,3771,846,100,1,2925,846,407.18,991.45,2,24,403.107160256217,-0.0115317903398795,0.0000549459456371883,-0.00000112919880082133,0.00000000547066390715463,-0.00000000000741246148382013,405.22502430016,0.0290969126703271,-0.000323187192928185,0.00000211419054318231,-0.00000000708688626730186,0.00000000000929508297207737
5471,5536,2022-11-06 02:00:00,2022-11-06 03:00:00,2022-11-06 05:00:00,2022-11-06 06:00:00,224.24,3865.93,3901,822,100,1,3079,822,407.65,990.98,1,24,407.758026218709,-0.0227691969952515,0.000253783372939243,-0.00000312338843797604,0.000000012580461845442,-0.0000000000158304756658008,406.084098050414,0.00130103089029978,0.000277612050268416,-0.00000284380103084409,0.0000000101254691766065,-0.0000000000119136465830094
5472,5537,2022-11-06 03:00:00,2022-11-06 04:00:00,2022-11-06 06:00:00,2022-11-06 07:00:00,199.21,3410.5,3440,735,100,1,2705,735,404.96,991.52,2,24,399.737633542078,-0.0132191057306606,0.000196327059234645,-0.0000024881151079895,0.0000000106453124644984,-0.0000000000142015444360735,402.936953468207,0.0203671470906695,-0.0000865090710956792,-0.0000000607816919723707,0.000000000931123829577376,-0.000000000000856278081315145
5473,5538,2022-11-06 04:00:00,2022-11-06 05:00:00,2022-11-06 07:00:00,2022-11-06 08:00:00,214.93,3705.35,3744,717,100,1,3027,717,406.25,989.73,1,24,406.377814022362,-0.0227040308910742,0.000269857508617778,-0.00000334434075253975,0.0000000138064880972118,-0.0000000000179377090700832,404.601202020657,0.0065816592810601,0.000142289963339189,-0.00000172434159281689,0.00000000634525740113497,-0.00000000000735530090851491
5474,5539,2022-11-06 05:00:00,2022-11-06 06:00:00,2022-11-06 08:00:00,2022-11-06 09:00:00,219.5,3757.91,3788,887,100,1,2901,887,405.85,992.08,2,24,400.718011022715,-0.0285056632490356,0.000510882926616429,-0.00000480808365581134,0.0000000177171792675981,-0.0000000000218440216780087,403.305963182968,0.00602166477792775,0.000247239711326692,-0.00000228848807358594,0.00000000700164481489011,-0.00000000000671475684764029
5475,5540,2022-11-06 06:00:00,2022-11-06 07:00:00,2022-11-06 09:00:00,2022-11-06 10:00:00,200.78,3461.45,3496,746,100,1,2750,746,407.21,990.09,1,24,407.146055287863,-0.00896201538616638,0.0000157958619888077,-0.00000146151308515289,0.00000000769238993622944,-0.0000000000108169151988932,405.40313545785,0.00317175505760133,0.000166086494397259,-0.00000158179757566184,0.00000000507192263580392,-0.00000000000507644380030138
5476,5541,2022-11-06 07:00:00,2022-11-06 08:00:00,2022-11-06 10:00:00,2022-11-06 11:00:00,167.86,2873.82,2902,719,100,1,2183,719,405.9,990.14,2,24,401.058686716797,-0.0287921374573162,0.000484728150083606,-0.00000439427646364438,0.0000000155746858852584,-0.0000000000184592167839096,403.460755363405,0.0183356739132494,-0.0000344720058106673,-0.000000361317541459115,0.00000000183768731722921,-0.0000000000020365404556916
5477,5542,2022-11-06 08:00:00,2022-11-06 09:00:00,2022-11-06 11:00:00,2022-11-06 12:00:00,185.23,3193.28,3226,707,100,1,2519,707,407.11,989.73,1,24,406.634918706447,-0.0244929339369624,0.00027566412757068,-0.00000286142234620046,0.0000000105871971979868,-0.0000000000125812499288003,405.009173495435,0.0137973306639052,0.0000217856740002556,-0.00000066188079594235,0.00000000242944380256828,-0.00000000000234815340929311
5478,5543,2022-11-06 09:00:00,2022-11-06 10:00:00,2022-11-06 12:00:00,2022-11-06 13:00:00,224.96,3851.25,3886,1043,100,1,2843,1043,406.23,991.18,2,24,400.887666522911,-0.0221824448372125,0.000279529398952366,-0.00000274446968886473,0.000000010412636060452,-0.0000000000128767578488154,403.633670080668,0.0129172562328091,0.00020959073006597,-0.00000268803696459708,0.0000000101848511185753,-0.0000000000123013192816583
5479,5544,2022-11-06 10:00:00,2022-11-06 11:00:00,2022-11-06 13:00:00,2022-11-06 14:00:00,228.87,3945.8,3985,1024,100,1,2961,1024,406.94,990.21,1,24,406.109277369838,-0.0128395719474002,0.0000493416484324575,-0.00000149691163813316,0.00000000740510801181197,-0.0000000000101756500585697,404.718486727779,0.0161381689389212,0.0000264875356348212,-0.00000105564181386996,0.00000000466592542126485,-0.00000000000580264390443902
5480,5545,2022-11-06 11:00:00,2022-11-06 12:00:00,2022-11-06 14:00:00,2022-11-06 15:00:00,209.65,3589.19,3619,864,100,1,2755,864,404.42,991.77,2,24,399.726929088324,-0.0147026797930344,0.000115925646852387,-0.00000172500946131763,0.0000000078025713289621,-0.0000000000104166359592726,402.000636206693,0.014016355310652,0.000174086566062637,-0.00000268477263107999,0.0000000112301298297525,-0.0000000000147066003722951
5481,5546,2022-11-06 12:00:00,2022-11-06 13:00:00,2022-11-06 15:00:00,2022-11-06 16:00:00,223.1,3846.26,3884,813,100,1,3071,813,405.05,990.35,1,24,404.218608059822,-0.0239014699767717,0.000280532884867715,-0.00000339000172760063,0.0000000139268652374321,-0.0000000000180922355104226,402.913689609208,0.00756802313363155,0.000155486280908759,-0.00000173953792470076,0.00000000608924573644602,-0.00000000000670058213080673
5482,5547,2022-11-06 13:00:00,2022-11-06 14:00:00,2022-11-06 16:00:00,2022-11-06 17:00:00,193.02,3304.46,3333,694,100,1,2639,694,402.57,991.39,2,24,398.194194319099,-0.0154068741103989,0.000217907559553082,-0.00000238252586579859,0.00000000898819411446148,-0.0000000000106841825458981,400.392857072816,0.007489402418933,0.000167199218719768,-0.00000175799199396552,0.00000000589261924527024,-0.00000000000626157247102293
5483,5548,2022-11-06 14:00:00,2022-11-06 15:00:00,2022-11-06 17:00:00,2022-11-06 18:00:00,179.07,3087.14,3119,560,100,1,2559,560,403.05,989.89,1,24,402.888849760043,-0.0168507276913981,0.000117856604737301,-0.0000017747802746218,0.00000000774133498152091,-0.0000000000101101101224735,401.985176978502,0.0100350611604428,0.0000582842237025772,-0.00000150571920196877,0.00000000697367912243839,-0.00000000000944462016449927
5484,5549,2022-11-06 15:00:00,2022-11-06 16:00:00,2022-11-06 18:00:00,2022-11-06 19:00:00,179.37,3070.84,3096,637,100,1,2459,637,403.2,991.91,2,24,396.78128411736,-0.0230630165506488,0.000367319445843248,-0.00000372962173792655,0.0000000144016837893599,-0.0000000000181402554098307,400.381543285575,0.012682184509227,0.000185422434971147,-0.00000212511891835122,0.00000000724921850346413,-0.00000000000773836437409634
5485,5550,2022-11-06 16:00:00,2022-11-06 17:00:00,2022-11-06 19:00:00,2022-11-06 20:00:00,182.5,3146.36,3182,625,100,1,2557,625,405.1,988.91,1,24,403.672126949918,-0.0136622759113595,0.000153092358235125,-0.00000257758145748687,0.0000000115912853887844,-0.0000000000155583754281382,403.728486485461,0.0171900591199069,-0.0000605614667469724,-0.000000150275195874584,0.00000000078899232570486,-0.000000000000288990665890984
5486,5551,2022-11-06 17:00:00,2022-11-06 18:00:00,2022-11-06 20:00:00,2022-11-06 21:00:00,160.44,2746.71,2771,558,100,1,2213,558,403.65,991.29,2,24,398.200280552673,-0.0187650841037046,0.000225936043470872,-0.00000247318985548634,0.00000000998871668977236,-0.000000000012818712973043,400.912333587427,0.0234600476413807,-0.0000626483150454863,-0.000000305198882011209,0.00000000176838140462518,-0.0000000000018847300641189
5487,5552,2022-11-06 18:00:00,2022-11-06 19:00:00,2022-11-06 21:00:00,2022-11-06 22:00:00,148.82,2565.68,2593,516,100,1,2077,516,404.89,989.56,1,24,403.87169462768,-0.0242233781210994,0.000227099452374223,-0.00000236631660322322,0.00000000885139238069278,-0.0000000000105639241787488,402.551134204239,0.0110647431810859,0.00011634821331833,-0.00000139263741469392,0.00000000469002864096692,-0.00000000000482104467367343
5488,5553,2022-11-06 19:00:00,2022-11-06 20:00:00,2022-11-06 22:00:00,2022-11-06 23:00:00,145.5,2490.89,2514,579,100,1,1935,579,403.38,990.96,2,24,398.252476683729,-0.0137696001951751,0.000116603210095438,-0.0000015049659127532,0.000000006750599170492,-0.00000000000911425231423694,401.484496385911,0.0166033548564031,-0.00000382755110581103,-0.000000941296717974712,0.00000000474275222766174,-0.00000000000642562137382797
5489,5554,2022-11-06 20:00:00,2022-11-06 21:00:00,2022-11-06 23:00:00,2022-11-07 00:00:00,143.87,2480.33,2508,518,100,1,1990,518,404.51,988.97,1,24,404.222331353862,-0.0326053555404367,0.000519558610810118,-0.00000536583505953783,0.0000000206487269176631,-0.0000000000262686310856002,402.947226658007,0.0189636343754846,-0.0000493597718982896,-0.000000382566583395642,0.00000000189336145079359,-0.00000000000195862438114531
