DataID,TimeStamp,DeviceID,DeviceData
16059234,2022-10-01 00:17:30.666696,18,14 98 993.3 13.8 0
16062834,2022-10-01 01:17:30.871123,18,13.6 100 993.2 13.6 0
16066434,2022-10-01 02:17:30.672062,18,13.4 100 993.1 13.4 0
16070034,2022-10-01 03:17:30.664589,18,13.4 100 992.9 13.4 0
16073634,2022-10-01 04:17:30.673037,18,13.1 100 992.8 13.1 0
16077234,2022-10-01 05:17:30.681903,18,13.1 100 992.5 13.1 0
16080835,2022-10-01 06:17:30.655028,18,13.1 100 992.2 13.1 0
16084435,2022-10-01 07:17:30.664226,18,13.2 100 991.9 13.2 0
16088035,2022-10-01 08:17:30.874331,18,13.5 100 991.9 13.5 0
16091635,2022-10-01 09:17:30.688794,18,13.5 100 991.6 13.5 0
16095235,2022-10-01 10:17:30.668175,18,14 100 991.3 14 0
16098835,2022-10-01 11:17:30.662805,18,14.2 100 990.7 14.2 0
16102435,2022-10-01 12:17:30.658664,18,14.7 100 990 14.7 0
16106035,2022-10-01 13:17:30.657711,18,14.6 100 989.2 14.6 0
16109635,2022-10-01 14:17:30.235869,18,14.7 100 988.7 14.7 0
16113235,2022-10-01 15:17:30.687511,18,15.1 100 988.1 15.1 0
16116835,2022-10-01 16:17:30.705018,18,15.3 96 987.4 14.7 0
16120435,2022-10-01 17:17:30.687247,18,15.2 99 987.1 15.1 0
16124035,2022-10-01 18:17:30.730045,18,13.8 100 986.3 13.8 0
16127635,2022-10-01 19:17:30.698401,18,13.3 100 985.3 13.3 0
16131235,2022-10-01 20:17:30.694253,18,13.7 100 984.4 13.7 0
16134835,2022-10-01 21:17:30.697358,18,14.1 100 983.2 14.1 0
16138436,2022-10-01 22:17:30.898625,18,14.7 100 982.6 14.7 0
16142035,2022-10-01 23:17:30.705562,18,14.1 100 981.5 14.1 0
16145635,2022-10-02 00:17:30.712493,18,14.1 100 981.3 14.1 0
16149235,2022-10-02 01:17:30.680770,18,14.2 100 981.5 14.2 0
16152836,2022-10-02 02:17:30.752360,18,13.6 92 981.5 12.4 0
16156436,2022-10-02 03:17:30.698023,18,12.5 94 981.7 11.6 0
16160036,2022-10-02 04:17:30.678019,18,11.6 94 981.8 10.7 0
16163636,2022-10-02 05:17:30.699343,18,11.2 93 982 10.2 0
16167236,2022-10-02 06:17:30.677370,18,10.9 92 982.2 9.7 0
16170836,2022-10-02 07:17:30.671797,18,10.3 89 982.5 8.7 0
16174436,2022-10-02 08:17:30.907221,18,10 88 982.5 8.1 0
16178036,2022-10-02 09:17:30.678703,18,9.8 89 982.6 8 0
16181636,2022-10-02 10:17:30.687444,18,10 89 982.8 8.4 0
16185236,2022-10-02 11:17:30.701901,18,11.3 81 982.9 8.3 0
16188836,2022-10-02 12:17:30.687293,18,11.2 84 983 8.7 0
16192436,2022-10-02 13:17:30.704546,18,11 85 983 8.7 0
16196036,2022-10-02 14:17:30.272985,18,11.6 82 983 8.6 0
16199636,2022-10-02 15:17:30.787796,18,11.8 77 982.7 7.9 0
16203236,2022-10-02 16:17:30.785648,18,11.6 78 982 7.9 0
16206836,2022-10-02 17:17:30.799365,18,10.8 90 981.4 9.2 0
16210436,2022-10-02 18:17:30.771109,18,10.9 85 981 8.6 0
16214037,2022-10-02 19:17:30.777873,18,11 85 980.3 8.6 0
16217636,2022-10-02 20:17:30.783445,18,10.9 87 979.7 8.9 0
16221237,2022-10-02 21:17:30.779108,18,9.9 99 978.7 9.8 0
16224837,2022-10-02 22:17:30.822545,18,9.9 100 977.1 9.9 0
16228437,2022-10-02 23:17:30.782892,18,10 100 976.8 9.9 0
16232037,2022-10-03 00:17:30.805543,18,10.4 100 975.4 10.4 0
16235637,2022-10-03 01:17:30.772169,18,11.2 100 974.9 11.2 0
16239237,2022-10-03 02:17:30.805300,18,11.9 100 974 11.9 0
16242837,2022-10-03 03:17:30.782554,18,13.1 100 972.7 13.1 0
16246437,2022-10-03 04:17:30.793006,18,14 100 971.8 14 0
16250037,2022-10-03 05:17:30.765601,18,14.6 100 971.1 14.6 0
16253637,2022-10-03 06:17:30.798240,18,15.2 100 970.6 15.2 0
16257237,2022-10-03 07:17:30.787956,18,15.2 100 969.8 15.2 0
16260837,2022-10-03 08:17:30.980132,18,15.6 100 969.3 15.6 0
16264437,2022-10-03 09:17:30.790439,18,15.7 100 968.5 15.7 0
16268037,2022-10-03 10:17:30.797117,18,15 100 968.4 15 0
16271637,2022-10-03 11:17:30.788507,18,14.6 100 968.5 14.6 0
16275237,2022-10-03 12:17:30.776643,18,13.7 100 969.3 13.7 0
16278837,2022-10-03 13:17:30.775890,18,14.1 98 969.9 13.9 0
16282437,2022-10-03 14:17:30.278343,18,12.5 98 970.7 12.3 0
16286038,2022-10-03 15:17:30.810399,18,12.3 85 971.9 10 0
16289638,2022-10-03 16:17:30.784804,18,10 90 973.8 8.5 0
16293238,2022-10-03 17:17:30.988205,18,9.4 83 974.6 6.8 0
16296838,2022-10-03 18:17:30.792408,18,9.4 82 975.2 6.6 0
16300438,2022-10-03 19:17:30.802725,18,9.3 88 975.8 7.4 0
16304038,2022-10-03 20:17:31.025329,18,8.8 94 976.6 7.9 0
16307637,2022-10-03 21:17:29.859161,18,9 98 976.9 8.7 0
16311237,2022-10-03 22:17:29.830068,18,9.3 95 977.8 8.6 0
16314837,2022-10-03 23:17:29.818244,18,10.1 92 978.3 8.8 0
16318437,2022-10-04 00:17:29.833672,18,10.6 87 978.8 8.7 0
16322037,2022-10-04 01:17:29.822053,18,10.9 87 979.2 8.8 0
16325637,2022-10-04 02:17:29.822410,18,10.7 86 979.5 8.5 0
16329237,2022-10-04 03:17:29.828150,18,10.7 87 980 8.6 0
16332837,2022-10-04 04:17:29.802037,18,10.4 88 980.1 8.6 0
16336438,2022-10-04 05:17:29.837061,18,9.9 91 980.6 8.5 0
16340038,2022-10-04 06:17:29.812310,18,9.6 92 980.8 8.4 0
16343638,2022-10-04 07:17:29.828028,18,9.5 93 981.1 8.4 0
16347238,2022-10-04 08:17:30.032944,18,10.1 90 981.5 8.7 0
16350838,2022-10-04 09:17:29.821742,18,10.7 87 981.9 8.8 0
16354438,2022-10-04 10:17:29.828112,18,11.3 84 982.1 8.8 0
16358038,2022-10-04 11:17:29.834506,18,12.9 73 981.9 8.3 0
16361638,2022-10-04 12:17:29.810892,18,13.8 70 981.8 8.5 0
16365238,2022-10-04 13:17:29.820133,18,13.5 67 981.4 7.6 0
16368838,2022-10-04 14:17:30.321838,18,8.6 93 983.8 7.7 0
16372439,2022-10-04 15:17:31.033457,18,9.2 92 984.2 8 0
16376039,2022-10-04 16:17:30.821408,18,10 85 984.7 7.7 0
16379639,2022-10-04 17:17:30.858565,18,9.8 80 984.9 6.6 0
16383239,2022-10-04 18:17:30.830170,18,9.4 83 985.2 6.7 0
16386839,2022-10-04 19:17:30.809581,18,9.2 89 985.5 7.5 0
16390439,2022-10-04 20:17:30.816222,18,9.3 87 985.4 7.3 0
16394039,2022-10-04 21:17:31.021738,18,8.9 87 985.4 6.9 0
16397639,2022-10-04 22:17:30.802749,18,8.5 88 985.7 6.6 0
16401239,2022-10-04 23:17:30.807494,18,8.1 90 985.8 6.6 0
16404839,2022-10-05 00:17:30.805586,18,7.8 90 985.6 6.4 0
16408439,2022-10-05 01:17:30.811735,18,7.8 91 985.5 6.4 0
16412039,2022-10-05 02:17:30.813614,18,7.7 92 985.6 6.6 0
16415640,2022-10-05 03:17:30.800747,18,7.5 93 985.3 6.6 0
16419239,2022-10-05 04:17:30.809292,18,7.3 96 985.4 6.7 0
16422840,2022-10-05 05:17:30.815578,18,7 99 985.5 6.9 0
16426440,2022-10-05 06:17:30.814727,18,6.8 99 985.7 6.7 0
16430040,2022-10-05 07:17:30.789958,18,6.7 100 985.9 6.7 0
16433640,2022-10-05 08:17:30.991603,18,6.8 99 986.1 6.7 0
16437240,2022-10-05 09:17:30.810237,18,7 98 986.3 6.7 0
16440840,2022-10-05 10:17:30.791551,18,7.6 96 986.8 7.1 0
16444440,2022-10-05 11:17:30.797933,18,7.8 97 987.4 7.5 0
16448040,2022-10-05 12:17:30.795969,18,7.7 98 987.9 7.5 0
16451640,2022-10-05 13:17:30.816867,18,8.3 90 988.3 6.8 0
16455239,2022-10-05 14:17:30.328605,18,9.4 84 988.7 6.8 0
16458840,2022-10-05 15:17:30.842174,18,8.6 86 989.5 6.5 0
16462440,2022-10-05 16:17:30.830387,18,8.3 93 989.7 7.3 0
16466040,2022-10-05 17:17:30.823757,18,8 92 990.2 6.8 0
16469640,2022-10-05 18:17:30.830583,18,7.4 94 990.8 6.6 0
16473240,2022-10-05 19:17:30.821206,18,7.3 93 991.3 6.3 0
16476840,2022-10-05 20:17:30.831120,18,6.9 92 991.6 5.8 0
16480441,2022-10-05 21:17:31.045928,18,6.6 94 991.8 5.8 0
16484041,2022-10-05 22:17:30.842252,18,6.3 95 992 5.7 0
16487641,2022-10-05 23:17:30.848720,18,6.8 97 992.1 6.4 0
16491241,2022-10-06 00:17:30.837098,18,6.7 99 992.2 6.7 0
16494841,2022-10-06 01:17:30.842608,18,6.8 100 992.7 6.8 0
16498441,2022-10-06 02:17:30.848458,18,7 100 992.7 7 0
16502041,2022-10-06 03:17:30.855059,18,7.2 100 992.8 7.2 0
16505641,2022-10-06 04:17:30.824335,18,7.4 100 992.9 7.4 0
16509241,2022-10-06 05:17:30.845662,18,7.6 99 992.6 7.5 0
16512841,2022-10-06 06:17:30.841341,18,7.7 100 993 7.7 0
16516441,2022-10-06 07:17:30.834038,18,7.9 100 993.1 7.9 0
16520041,2022-10-06 08:17:31.027889,18,8.2 100 993.4 8.2 0
16523641,2022-10-06 09:17:30.846515,18,8.8 99 993.4 8.7 0
16527241,2022-10-06 10:17:30.805800,18,9.1 100 993.5 9.1 0
16530841,2022-10-06 11:17:30.831755,18,9.9 96 993.2 9.4 0
16534442,2022-10-06 12:17:31.052315,18,10.1 97 993.4 9.7 0
16538041,2022-10-06 13:17:30.846448,18,11.1 94 993.1 10.2 0
16541640,2022-10-06 14:17:29.336714,18,11.7 91 993.2 10.3 0
16545240,2022-10-06 15:17:29.845685,18,12 92 993.1 10.8 0
16548840,2022-10-06 16:17:29.857542,18,12.1 90 992.8 10.5 0
16552441,2022-10-06 17:17:29.871558,18,11.7 90 992.9 10.3 0
16556041,2022-10-06 18:17:29.870819,18,11.5 92 992.9 10.3 0
16559641,2022-10-06 19:17:29.850484,18,11.5 92 992.9 10.3 0
16563241,2022-10-06 20:17:29.847687,18,11.4 93 992.6 10.5 0
16566841,2022-10-06 21:17:30.059530,18,11.5 95 992 10.7 0
16570441,2022-10-06 22:17:29.864697,18,11.2 96 991.8 10.6 0
16574041,2022-10-06 23:17:29.874425,18,11.3 95 991.8 10.7 0
16577641,2022-10-07 00:17:29.857349,18,11.5 96 991.5 11 0
16581241,2022-10-07 01:17:29.866332,18,11.2 100 991.8 11.2 0
16584841,2022-10-07 02:17:29.829866,18,11.4 99 992.2 11.4 0
16588441,2022-10-07 03:17:29.856424,18,11.2 99 992.6 11.1 0
16592041,2022-10-07 04:17:29.869137,18,10.7 98 993 10.6 0
16595641,2022-10-07 05:17:29.869013,18,10.4 99 993.7 10.3 0
16599241,2022-10-07 06:17:29.850223,18,10.2 98 994 10 0
16602841,2022-10-07 07:17:29.855266,18,10.1 96 994.5 9.6 0
16606442,2022-10-07 08:17:30.063149,18,10.9 93 995.3 9.9 0
16610041,2022-10-07 09:17:29.849733,18,11.4 89 995.8 9.7 0
16613642,2022-10-07 10:17:30.067485,18,11.4 84 996.9 9 0
16617241,2022-10-07 11:17:29.869408,18,11.6 84 997.1 9 0
16620769,2022-10-07 12:17:30.232839,18,12.5 77 997.5 8.6 0
16624368,2022-10-07 13:17:29.797647,18,12.6 73 997.6 8 0
16627968,2022-10-07 14:17:29.666852,18,13.2 73 997.5 8.6 0
16631569,2022-10-07 15:17:30.180371,18,13.1 71 998 8 0
16635169,2022-10-07 16:17:30.164998,18,12.8 72 998.3 8 0
16638769,2022-10-07 17:17:30.175259,18,12.4 71 998.4 7.5 0
16642369,2022-10-07 18:17:30.186261,18,11.6 77 998.7 7.8 0
16645969,2022-10-07 19:17:30.183323,18,11.4 81 999.1 8.3 0
16649569,2022-10-07 20:17:30.177165,18,10.7 85 999.4 8.4 0
16653169,2022-10-07 21:17:30.162906,18,10.1 88 999.5 8.2 0
16656769,2022-10-07 22:17:30.195777,18,9.9 88 999.9 8.1 0
16660369,2022-10-07 23:17:30.180236,18,9.6 91 1000 8.3 0
16663969,2022-10-08 00:17:30.176404,18,9.1 94 1000.2 8.2 0
16667570,2022-10-08 01:17:30.187819,18,8.8 95 1000.2 8.2 0
16671170,2022-10-08 02:17:30.190125,18,8.7 97 1000.3 8.2 0
16674770,2022-10-08 03:17:30.182519,18,8.5 98 1000 8.3 0
16678370,2022-10-08 04:17:30.195227,18,8.7 97 1000.1 8.3 0
16681970,2022-10-08 05:17:30.174287,18,8.7 97 1000.2 8.3 0
16685570,2022-10-08 06:17:30.202264,18,8.9 96 1000.1 8.3 0
16689170,2022-10-08 07:17:30.167039,18,9.3 94 1000.1 8.4 0
16692770,2022-10-08 08:17:30.187082,18,9.6 93 1000.5 8.5 0
16696370,2022-10-08 09:17:30.388404,18,10.2 90 1000.5 8.7 0
16699970,2022-10-08 10:17:30.197057,18,13.6 72 1000.6 8.6 0
16703570,2022-10-08 11:17:30.188198,18,14.4 68 1000.2 8.7 0
16707170,2022-10-08 12:17:30.187037,18,14.3 65 999.7 7.9 0
16710770,2022-10-08 13:17:30.193146,18,14.8 59 999.1 7 0
16714370,2022-10-08 14:17:29.674826,18,15.1 59 998.5 7.3 0
16717970,2022-10-08 15:17:30.218426,18,15.3 58 997.7 7.2 0
16721570,2022-10-08 16:17:30.203644,18,14.5 60 997.1 6.9 0
16725170,2022-10-08 17:17:30.192005,18,13.6 65 996.8 7.3 0
16728770,2022-10-08 18:17:30.206260,18,12.6 69 996.5 7.2 0
16732370,2022-10-08 19:17:30.211235,18,12.4 72 996.4 7.6 0
16735970,2022-10-08 20:17:30.219637,18,12.1 73 996.1 7.5 0
16739571,2022-10-08 21:17:30.239438,18,11.9 75 995.7 7.6 0
16743171,2022-10-08 22:17:30.230269,18,11.3 78 995.8 7.6 0
16746771,2022-10-08 23:17:30.214691,18,10.6 82 995.8 7.7 0
16750371,2022-10-09 00:17:30.193241,18,10.6 82 995.7 7.7 0
16753971,2022-10-09 01:17:30.200804,18,10.3 85 995.3 8 0
16757571,2022-10-09 02:17:30.211562,18,9.8 88 994.7 8 0
16761171,2022-10-09 03:17:30.191146,18,9.5 89 994.2 7.9 0
16764771,2022-10-09 04:17:30.224252,18,9.2 91 994 7.9 0
16768371,2022-10-09 05:17:30.213816,18,8.9 92 993.6 7.7 0
16771971,2022-10-09 06:17:30.204206,18,8.8 92 993.2 7.6 0
16775571,2022-10-09 07:17:30.421741,18,8.8 91 992.5 7.4 0
16779171,2022-10-09 08:17:30.210602,18,9.3 88 992.1 7.5 0
16782771,2022-10-09 09:17:30.409314,18,10.7 81 992.3 7.7 0
16786371,2022-10-09 10:17:30.221192,18,13.1 71 992 8 0
16789971,2022-10-09 11:17:30.208192,18,15 63 991.6 8 0
16793572,2022-10-09 12:17:30.422118,18,16.2 56 991.2 7.5 0
16797171,2022-10-09 13:17:30.198897,18,16.5 52 990.9 6.8 0
16800771,2022-10-09 14:17:29.755503,18,16.7 50 990.6 6.4 0
16804372,2022-10-09 15:17:30.240605,18,16 52 990.8 6.3 0
16807972,2022-10-09 16:17:30.249241,18,13.2 74 991.6 8.7 0
16811572,2022-10-09 17:17:30.248579,18,11.7 86 991.6 9.5 0
16815172,2022-10-09 18:17:30.246686,18,10.7 99 992.3 10.5 0
16818772,2022-10-09 19:17:30.248388,18,10.4 100 992.7 10.4 0
16822372,2022-10-09 20:17:30.265598,18,10.2 100 992.8 10.2 0
16825972,2022-10-09 21:17:30.230845,18,10.1 100 993 10.1 0
16829572,2022-10-09 22:17:30.275194,18,10.1 100 993.6 10.1 0
16833172,2022-10-09 23:17:30.251615,18,10.1 100 993.7 10.1 0
16836772,2022-10-10 00:17:30.257896,18,10 100 993.7 10 0
16840372,2022-10-10 01:17:30.251675,18,9.7 98 994.4 9.5 0
16843972,2022-10-10 02:17:30.263616,18,9.6 97 994.9 9.1 0
16847572,2022-10-10 03:17:30.254689,18,9.5 96 995.2 9.1 0
16851172,2022-10-10 04:17:30.243671,18,9.4 91 995.7 8.1 0
16854772,2022-10-10 05:17:30.461195,18,9.3 92 996.6 8.1 0
16858372,2022-10-10 06:17:30.248900,18,9.1 91 997 7.7 0
16861972,2022-10-10 07:17:30.241378,18,9 91 997.8 7.6 0
16865572,2022-10-10 08:17:30.235077,18,8.7 90 998.6 7.2 0
16869173,2022-10-10 09:17:30.265448,18,9 87 999.1 7 0
16872772,2022-10-10 10:17:30.238851,18,10 82 999.5 7 0
16876373,2022-10-10 11:17:30.233551,18,11.1 77 999.6 7.3 0
16879973,2022-10-10 12:17:30.456026,18,12.2 58 999.8 4.3 0
16883573,2022-10-10 13:17:30.240856,18,12.9 55 1000 4.2 0
16887172,2022-10-10 14:17:29.746227,18,12.7 51 999.9 2.8 0
16890773,2022-10-10 15:17:30.281690,18,11.8 59 1000.1 4.2 0
16894373,2022-10-10 16:17:30.261394,18,11.1 66 1000.2 5 0
16897973,2022-10-10 17:17:30.260969,18,9.8 74 1000.4 5.4 0
16901573,2022-10-10 18:17:30.261368,18,8.9 79 1000.6 5.5 0
16905173,2022-10-10 19:17:30.273790,18,8.3 79 1000.8 5 0
16908773,2022-10-10 20:17:30.242410,18,7.3 83 1001.1 4.6 0
16912373,2022-10-10 21:17:30.239823,18,5.7 90 1001.2 4.2 0
16915973,2022-10-10 22:17:30.235543,18,5 94 1001.1 4.2 0
16919573,2022-10-10 23:17:30.247279,18,4.3 99 1000.9 4.2 0
16923173,2022-10-11 00:17:30.258905,18,3.8 100 1000.7 3.8 0
16926773,2022-10-11 01:17:30.261027,18,3.5 100 1000.5 3.5 0
16930373,2022-10-11 02:17:30.251478,18,3.2 100 1000.3 3.2 0
16933973,2022-10-11 03:17:30.242591,18,3 100 1000 3 0
16937574,2022-10-11 04:17:30.525257,18,2.4 100 999.9 2.4 0
16941174,2022-10-11 05:17:30.251121,18,2.2 100 999.9 2.2 0
16944774,2022-10-11 06:17:30.266527,18,1.9 100 999.8 1.9 0
16948374,2022-10-11 07:17:30.250564,18,1.4 100 999.6 1.4 0
16951974,2022-10-11 08:17:30.267111,18,4.4 100 999.6 4.4 0
16955574,2022-10-11 09:17:30.230419,18,6.1 89 999.4 4.5 0
16959174,2022-10-11 10:17:30.268691,18,9 72 999.4 4.3 0
16962774,2022-10-11 11:17:30.241800,18,9.3 66 999.1 3.4 0
16966374,2022-10-11 12:17:30.258307,18,10.2 57 998.5 2 0
16969974,2022-10-11 13:17:30.234611,18,11.2 51 997.9 1.6 0
16973573,2022-10-11 14:17:29.752178,18,11.6 46 997.3 0.6 0
16977174,2022-10-11 15:17:30.251011,18,11.7 46 996.7 0.5 0
16980774,2022-10-11 16:17:30.272777,18,11.1 49 996.2 0.9 0
16984374,2022-10-11 17:17:30.249714,18,8.6 60 996.2 1.4 0
16987974,2022-10-11 18:17:30.274177,18,5.9 70 996.3 0.9 0
16991574,2022-10-11 19:17:30.258124,18,5 76 996.3 1.1 0
16995174,2022-10-11 20:17:30.247310,18,5.2 90 996.2 3.8 0
16998774,2022-10-11 21:17:30.253115,18,4.5 95 995.9 3.8 0
17002374,2022-10-11 22:17:30.257826,18,3.6 100 995.4 3.6 0
17005975,2022-10-11 23:17:30.247482,18,3.1 100 995.3 3.1 0
17009575,2022-10-12 00:17:30.261635,18,2.7 100 995 2.7 0
17013175,2022-10-12 01:17:30.278373,18,2.4 100 995 2.4 0
17016775,2022-10-12 02:17:30.282134,18,2.2 100 994.8 2.2 0
17020376,2022-10-12 03:17:30.637825,18,1.9 100 994.7 1.8 0
17023975,2022-10-12 04:17:29.812057,18,2.1 100 994.3 2.1 0
17027575,2022-10-12 05:17:29.813878,18,2.1 100 994 2.1 0
17031175,2022-10-12 06:17:29.795671,18,2 100 993.8 2 0
17034776,2022-10-12 07:17:29.805610,18,2.7 100 993.8 2.7 0
17038376,2022-10-12 08:17:29.821672,18,6.2 85 993.9 3.9 0
17041976,2022-10-12 09:17:29.843533,18,7.1 81 993.9 4.1 0
17045575,2022-10-12 10:17:29.782982,18,9.1 66 993.8 3.2 0
dummy,2022-10-12 11:17:26.312986,,
dummy,2022-10-12 12:17:25.989080,,
dummy,2022-10-12 13:17:26.001021,,
dummy,2022-10-12 14:17:25.903503,,
dummy,2022-10-12 15:17:26.691092,,
dummy,2022-10-12 16:17:26.449347,,
dummy,2022-10-12 17:17:26.394659,,
dummy,2022-10-12 18:17:26.525218,,
dummy,2022-10-12 19:17:26.521990,,
dummy,2022-10-12 20:17:26.417583,,
dummy,2022-10-12 21:17:26.429848,,
dummy,2022-10-12 22:17:26.471549,,
dummy,2022-10-12 23:17:26.394538,,
dummy,2022-10-13 00:17:26.392949,,
dummy,2022-10-13 01:17:26.464326,,
dummy,2022-10-13 02:17:26.360651,,
dummy,2022-10-13 03:17:26.406534,,
dummy,2022-10-13 04:17:26.413766,,
dummy,2022-10-13 05:17:26.363277,,
dummy,2022-10-13 06:17:26.437357,,
dummy,2022-10-13 07:17:26.440896,,
dummy,2022-10-13 08:17:26.510372,,
dummy,2022-10-13 09:17:26.454074,,
dummy,2022-10-13 10:17:26.381615,,
dummy,2022-10-13 11:17:25.981296,,
dummy,2022-10-13 12:17:26.412114,,
dummy,2022-10-13 13:17:26.441161,,
dummy,2022-10-13 14:17:26.046505,,
dummy,2022-10-13 15:17:26.537129,,
17153577,2022-10-13 16:17:30.742418,18,8.4 73 999.3 4 0
17157176,2022-10-13 17:17:29.808417,18,7.4 79 999.5 4.1 0
17160776,2022-10-13 18:17:29.784269,18,6.5 82 999.8 3.7 0
17164376,2022-10-13 19:17:29.816262,18,5.9 79 1000 2.7 0
17167977,2022-10-13 20:17:29.813046,18,5.9 81 999.9 3.1 0
17171577,2022-10-13 21:17:29.799077,18,5.6 84 1000.1 3.1 0
17175177,2022-10-13 22:17:29.821224,18,5.3 88 1000.2 3.5 0
17178777,2022-10-13 23:17:29.862018,18,5.1 89 1000.3 3.6 0
17182377,2022-10-14 00:17:29.834746,18,5.2 89 1000.5 3.6 0
17185977,2022-10-14 01:17:29.829006,18,4.5 92 1000.6 3.4 0
17189577,2022-10-14 02:17:29.823097,18,4.2 94 1000.8 3.4 0
17193177,2022-10-14 03:17:29.860468,18,4.2 93 1000.8 3.2 0
17196777,2022-10-14 04:17:29.834025,18,4.1 94 1000.7 3.3 0
17200377,2022-10-14 05:17:29.774132,18,3.7 96 1000.6 3.1 0
17203977,2022-10-14 06:17:29.811086,18,1.1 100 1000.6 1.1 0
17207577,2022-10-14 07:17:29.855107,18,0.7 100 1000.6 0.7 0
17211177,2022-10-14 08:17:29.806406,18,2.8 100 1000.5 2.8 0
17214777,2022-10-14 09:17:29.797997,18,4.4 91 1000.5 3.2 0
17218377,2022-10-14 10:17:29.842534,18,7 74 1000.7 2.8 0
17221977,2022-10-14 11:17:29.781065,18,7.8 67 1000.6 2.1 0
17225577,2022-10-14 12:17:29.822033,18,8.9 69 1000.3 3.5 0
17229177,2022-10-14 13:17:29.836232,18,8.8 71 1000.2 3.9 0
17232778,2022-10-14 14:17:30.242977,18,7.3 83 1000.3 4.6 0
17236378,2022-10-14 15:17:30.766842,18,7.1 84 1000.1 4.7 0
17239979,2022-10-14 16:17:30.749557,18,6.6 85 999.9 4.3 0
17243579,2022-10-14 17:17:30.730794,18,6.9 83 999.7 4.3 0
17247179,2022-10-14 18:17:30.763003,18,7 82 999.6 4.2 0
17250779,2022-10-14 19:17:30.749542,18,7 85 999.6 4.6 0
17254379,2022-10-14 20:17:30.579998,18,7.1 85 999.6 4.9 0
17257978,2022-10-14 21:17:29.790805,18,7.2 83 999.7 4.5 0
17261578,2022-10-14 22:17:29.769314,18,6.6 84 999.8 4.1 0
17265178,2022-10-14 23:17:29.795039,18,5.3 91 999.8 3.9 0
17268778,2022-10-15 00:17:29.772949,18,4.5 94 999.9 3.7 0
17272378,2022-10-15 01:17:29.783390,18,5.4 90 1000.1 3.9 0
17275978,2022-10-15 02:17:29.775055,18,5.7 88 1000.1 3.9 0
17279578,2022-10-15 03:17:29.789194,18,5.7 87 1000.1 3.8 0
17283178,2022-10-15 04:17:29.826512,18,6 84 1000 3.7 0
17286778,2022-10-15 05:17:29.770678,18,6 85 1000.3 3.7 0
17290378,2022-10-15 06:17:29.780912,18,5.9 85 1000.7 3.7 0
17293978,2022-10-15 07:17:29.760777,18,6 85 1000.7 3.7 0
17297579,2022-10-15 08:17:29.766145,18,6.3 81 1001.1 3.4 0
17301179,2022-10-15 09:17:29.770162,18,6.8 76 1001.2 3 0
17304779,2022-10-15 10:17:29.786521,18,7.1 76 1001.4 3.2 0
17308379,2022-10-15 11:17:29.794091,18,7.8 73 1001.7 3.3 0
17311979,2022-10-15 12:17:29.807774,18,8.4 70 1001.7 3.2 0
17315579,2022-10-15 13:17:29.823171,18,8.8 72 1001.8 4 0
17319180,2022-10-15 14:17:30.256136,18,9.4 68 1001.6 3.8 0
17322780,2022-10-15 15:17:30.796759,18,9.7 65 1001.5 3.6 0
17326380,2022-10-15 16:17:30.789975,18,9.1 69 1001.5 3.7 0
17329980,2022-10-15 17:17:30.136571,18,8.5 70 1001.8 3.5 0
17333580,2022-10-15 18:17:30.598654,18,7.8 76 1002 3.9 0
17337181,2022-10-15 19:17:30.783881,18,7.6 77 1002.2 3.9 0
17340781,2022-10-15 20:17:30.841035,18,7.3 77 1002.4 3.6 0
17344381,2022-10-15 21:17:30.768391,18,7.2 75 1002.8 3.2 0
17347981,2022-10-15 22:17:30.783597,18,7 73 1003.1 2.5 0
17351581,2022-10-15 23:17:30.777103,18,6.5 73 1003.5 2 0
17355181,2022-10-16 00:17:30.770855,18,6.2 73 1003.8 1.8 0
17358781,2022-10-16 01:17:30.763039,18,5.9 74 1004.1 1.7 0
17362381,2022-10-16 02:17:30.778155,18,5.4 76 1004.3 1.6 0
17365981,2022-10-16 03:17:30.783202,18,4.8 79 1004.6 1.5 0
17369582,2022-10-16 04:17:30.784514,18,4.3 80 1004.9 1.3 0
17373182,2022-10-16 05:17:30.783612,18,4.2 81 1005.1 1.3 0
17376782,2022-10-16 06:17:30.765154,18,3.8 82 1005.3 1.1 0
17380382,2022-10-16 07:17:30.796961,18,3.4 84 1005.5 1 0
17383982,2022-10-16 08:17:30.768551,18,4.3 80 1005.7 1.3 0
17387582,2022-10-16 09:17:30.772017,18,5 79 1006 1.6 0
17391182,2022-10-16 10:17:30.768650,18,7.2 69 1006.2 2 0
17394782,2022-10-16 11:17:30.819504,18,9.4 64 1006.2 2.9 0
17398382,2022-10-16 12:17:30.782308,18,11.2 57 1006.1 3 0
17401982,2022-10-16 13:17:30.777799,18,11.7 50 1005.9 1.8 0
17405582,2022-10-16 14:17:30.275859,18,12 51 1005.8 2.4 0
17409182,2022-10-16 15:17:30.769618,18,11.9 51 1005.5 2.2 0
17412783,2022-10-16 16:17:30.805757,18,11.1 54 1005.4 2.3 0
17416383,2022-10-16 17:17:30.785232,18,10.3 57 1005.3 2.2 0
17419983,2022-10-16 18:17:30.780741,18,9.5 61 1005.3 2.4 0
17423583,2022-10-16 19:17:30.771388,18,9.3 60 1005.1 1.9 0
17427183,2022-10-16 20:17:30.795048,18,8.6 63 1005.2 2.1 0
17430783,2022-10-16 21:17:30.752990,18,7.8 66 1005.3 1.9 0
17434383,2022-10-16 22:17:30.754752,18,7.4 66 1005.1 1.7 0
17437983,2022-10-16 23:17:30.762558,18,7 67 1005 1.4 0
17441583,2022-10-17 00:17:30.762035,18,6.4 70 1004.9 1.4 0
17445184,2022-10-17 01:17:30.788158,18,6.1 71 1004.7 1.4 0
17448784,2022-10-17 02:17:30.773805,18,6 72 1004.5 1.3 0
17452384,2022-10-17 03:17:30.768164,18,6 72 1004.2 1.4 0
17455984,2022-10-17 04:17:30.755124,18,5.5 74 1003.3 1.3 0
17459584,2022-10-17 05:17:30.771772,18,5.4 74 1002.8 1.3 0
17463184,2022-10-17 06:17:30.748362,18,5.3 75 1002.2 1.4 0
17466784,2022-10-17 07:17:30.772022,18,5.3 76 1001.7 1.5 0
17470384,2022-10-17 08:17:30.761503,18,5.7 75 1001.1 1.7 0
17473984,2022-10-17 09:17:30.824269,18,6.5 72 1000.4 1.9 0
17477584,2022-10-17 10:17:30.760316,18,7.4 70 1000.3 2.5 0
17481184,2022-10-17 11:17:30.755267,18,6.7 80 999.7 3.6 0
17484784,2022-10-17 12:17:30.772138,18,6.5 90 999.7 5 0
17488385,2022-10-17 13:17:30.770338,18,6.5 94 999.1 5.7 0
17491984,2022-10-17 14:17:30.270573,18,6.8 93 998.5 5.9 0
17495585,2022-10-17 15:17:30.815262,18,6.9 97 998 6.5 0
17499185,2022-10-17 16:17:30.808278,18,7.3 97 998.8 6.9 0
17502783,2022-10-17 17:17:30.787084,18,7.6 96 998.2 7.1 0
17506383,2022-10-17 18:17:30.813270,18,7.7 96 998.5 7.2 0
17509984,2022-10-17 19:17:30.785074,18,8.4 95 998.7 7.6 0
17513584,2022-10-17 20:17:30.838741,18,8.7 94 999 7.9 0
17517184,2022-10-17 21:17:30.801672,18,8.8 95 998.8 8.1 0
17520784,2022-10-17 22:17:30.808056,18,8.7 96 999.3 8.2 0
17524384,2022-10-17 23:17:30.800803,18,8.3 98 999.1 8.1 0
17527984,2022-10-18 00:17:30.841163,18,8.4 97 999.3 8 0
17531584,2022-10-18 01:17:30.791856,18,8.4 95 998.9 7.6 0
17535184,2022-10-18 02:17:30.801456,18,8.5 93 998.6 7.5 0
17538783,2022-10-18 03:17:30.800833,18,7.9 95 998.3 7.2 0
17542383,2022-10-18 04:17:30.777866,18,7.6 95 997.7 7 0
17545983,2022-10-18 05:17:30.790822,18,7.5 95 997.2 6.8 0
17549583,2022-10-18 06:17:30.798867,18,7.2 96 996.4 6.7 0
17553183,2022-10-18 07:17:30.795166,18,7.2 96 995.5 6.6 0
17556783,2022-10-18 08:17:30.827553,18,7.1 97 994.9 6.7 0
17560383,2022-10-18 09:17:30.784860,18,7.3 97 994.4 7 0
17563984,2022-10-18 10:17:30.806950,18,7.3 100 992.2 7.3 0
17567584,2022-10-18 11:17:30.822129,18,7.6 100 989.5 7.6 0
17571184,2022-10-18 12:17:30.785732,18,8.2 100 986.9 8.2 0
17574784,2022-10-18 13:17:30.821733,18,9.1 100 985.7 9.1 0
17578383,2022-10-18 14:17:30.296506,18,11.3 100 984.9 11.3 0
17581984,2022-10-18 15:17:30.859696,18,12 100 984.9 12 0
17585584,2022-10-18 16:17:30.815179,18,12.6 100 985.1 12.6 0
17589184,2022-10-18 17:17:30.835811,18,12.5 99 985.7 12.4 0
17592784,2022-10-18 18:17:30.796711,18,11.9 94 986.2 11.1 0
17596384,2022-10-18 19:17:30.815213,18,11.5 92 987.1 10.4 0
17599985,2022-10-18 20:17:30.877883,18,10.3 90 987.9 8.8 0
17603585,2022-10-18 21:17:30.780725,18,9.6 89 988 8 0
17607185,2022-10-18 22:17:30.800412,18,8.9 94 988.1 8 0
17610785,2022-10-18 23:17:30.820775,18,9.1 89 987.8 7.4 0
17614385,2022-10-19 00:17:30.813863,18,8.8 91 987.7 7.6 0
17617985,2022-10-19 01:17:30.801572,18,8.7 93 987.3 7.8 0
17621585,2022-10-19 02:17:30.786939,18,8.7 93 986.7 7.7 0
17625185,2022-10-19 03:17:30.812819,18,8.6 93 985.9 7.6 0
17628785,2022-10-19 04:17:30.815912,18,8.5 93 985.4 7.4 0
17632385,2022-10-19 05:17:30.783948,18,8.1 97 984.7 7.6 0
17635985,2022-10-19 06:17:30.784414,18,7.8 99 984.2 7.7 0
17639585,2022-10-19 07:17:30.823228,18,7.8 98 983.4 7.6 0
17643186,2022-10-19 08:17:30.797560,18,8 98 983 7.8 0
17646786,2022-10-19 09:17:30.866822,18,7.8 96 982.9 7.2 0
17650386,2022-10-19 10:17:30.805569,18,7.1 100 982.6 7.1 0
17653986,2022-10-19 11:17:30.810295,18,7.1 100 982.7 7.1 0
17657586,2022-10-19 12:17:30.808890,18,7.2 100 982.7 7.2 0
17661186,2022-10-19 13:17:30.807000,18,7 100 982.7 7 0
17664785,2022-10-19 14:17:29.312888,18,7.4 100 982.4 7.4 0
17671985,2022-10-19 16:17:29.873509,18,7.4 99 982.8 7.3 0
17675585,2022-10-19 17:17:29.808069,18,7.1 100 983 7.1 0
17679185,2022-10-19 18:17:29.778050,18,7.1 98 983.4 7 0
17682785,2022-10-19 19:17:29.779099,18,6.7 97 983.8 6.4 0
17686385,2022-10-19 20:17:29.788294,18,6.7 97 984.1 6.3 0
17689985,2022-10-19 21:17:29.791125,18,6.5 99 984.6 6.3 0
17693586,2022-10-19 22:17:29.795442,18,6 100 984.8 6 0
17697186,2022-10-19 23:17:29.789049,18,6.1 98 985.4 5.8 0
17700786,2022-10-20 00:17:29.760340,18,6.1 95 985.6 5.4 0
17704384,2022-10-20 01:17:29.780276,18,6 94 986.1 5.2 0
17707984,2022-10-20 02:17:29.767743,18,6 92 986.5 4.9 0
17711584,2022-10-20 03:17:29.790301,18,5.9 91 987.1 4.6 0
17715185,2022-10-20 04:17:29.773565,18,5.9 92 987.7 4.8 0
17718785,2022-10-20 05:17:29.869756,18,5.8 92 988.4 4.6 0
17722385,2022-10-20 06:17:29.792022,18,5.6 91 989.1 4.3 0
17725985,2022-10-20 07:17:29.788094,18,5.7 94 989.7 4.8 0
17729585,2022-10-20 08:17:29.788533,18,5.4 98 990.4 5.1 0
17733185,2022-10-20 09:17:29.802636,18,5.3 88 990.9 3.5 0
17736785,2022-10-20 10:17:29.769788,18,5.7 80 991.4 2.6 0
17740385,2022-10-20 11:17:29.779579,18,6.8 72 991.7 2.3 0
17743985,2022-10-20 12:17:29.762621,18,6.1 71 992.1 1.3 0
17747585,2022-10-20 13:17:29.767949,18,5.9 75 992.2 1.8 0
17751185,2022-10-20 14:17:30.220338,18,6 73 992.3 1.7 0
17754786,2022-10-20 15:17:30.738695,18,6.1 72 992.6 1.4 0
17758386,2022-10-20 16:17:30.788752,18,5.9 73 993 1.6 0
17761986,2022-10-20 17:17:30.737816,18,5 78 993.2 1.6 0
17765586,2022-10-20 18:17:30.747442,18,4.4 83 993.8 1.9 0
17769186,2022-10-20 19:17:30.765014,18,3.6 82 994.1 0.8 0
17772786,2022-10-20 20:17:30.753706,18,3.1 81 994.4 0.3 0
17776386,2022-10-20 21:17:30.743164,18,2.8 83 994.7 0.2 0
17779986,2022-10-20 22:17:30.751806,18,2.4 82 995.3 -0.1 0
17783586,2022-10-20 23:17:30.754565,18,2.2 83 995.6 -0.2 0
17787187,2022-10-21 00:17:30.778365,18,2.1 82 995.6 -0.4 0
17790787,2022-10-21 01:17:30.743452,18,2.3 82 995.6 -0.2 0
17794387,2022-10-21 02:17:30.739698,18,2.3 86 995.7 0.2 0
17797987,2022-10-21 03:17:30.751702,18,2.1 86 995.7 0.2 0
17801587,2022-10-21 04:17:30.758543,18,2.1 88 995.4 0.3 0
17805187,2022-10-21 05:17:30.756772,18,2 91 995.4 0.7 0
17808787,2022-10-21 06:17:30.791657,18,1.9 94 995.4 1.2 0
17812387,2022-10-21 07:17:30.752929,18,2 95 995.6 1.3 0
17815987,2022-10-21 08:17:30.739600,18,2.3 97 995.8 1.8 0
17819587,2022-10-21 09:17:30.735260,18,2.7 96 996.1 2.2 0
17823187,2022-10-21 10:17:30.756886,18,3.4 94 996 2.7 0
17826787,2022-10-21 11:17:30.737559,18,4 91 996.3 2.7 0
17830387,2022-10-21 12:17:30.740221,18,5 87 996.1 3 0
17833987,2022-10-21 13:17:30.733776,18,5.1 86 996.1 3.1 0
17837587,2022-10-21 14:17:30.270844,18,5.4 87 995.9 3.4 0
17841187,2022-10-21 15:17:30.786991,18,5.4 87 995.5 3.5 0
17844787,2022-10-21 16:17:30.786791,18,5.4 86 995.3 3.3 0
17848387,2022-10-21 17:17:30.783424,18,5.5 87 995.7 3.6 0
17851987,2022-10-21 18:17:30.760101,18,5.7 87 995.8 3.8 0
17855588,2022-10-21 19:17:30.764317,18,5.1 92 996.1 4 0
17859188,2022-10-21 20:17:30.763041,18,5.1 93 996.2 4.1 0
17862788,2022-10-21 21:17:30.772586,18,4.9 96 996 4.3 0
17866388,2022-10-21 22:17:30.788041,18,5 96 996.3 4.5 0
17869988,2022-10-21 23:17:30.762042,18,4.8 96 996.5 4.3 0
17873588,2022-10-22 00:17:30.779606,18,4.6 99 996.7 4.6 0
17877188,2022-10-22 01:17:30.767326,18,4.8 98 996.7 4.6 0
17880788,2022-10-22 02:17:30.802434,18,4.7 100 996.8 4.7 0
17884388,2022-10-22 03:17:30.778207,18,4.7 100 996.6 4.7 0
17887988,2022-10-22 04:17:30.781369,18,4.8 100 996.5 4.8 0
17891588,2022-10-22 05:17:30.757596,18,4.9 100 996.7 4.9 0
17895188,2022-10-22 06:17:30.757091,18,5 99 996.8 4.9 0
17898788,2022-10-22 07:17:30.832910,18,4.9 99 996.7 4.8 0
17902388,2022-10-22 08:17:30.763216,18,5.1 98 997 4.9 0
17905988,2022-10-22 09:17:30.762296,18,5.4 97 997.2 5 0
17909588,2022-10-22 10:17:30.776365,18,6.2 93 997.3 5.2 0
17913188,2022-10-22 11:17:30.776268,18,6.2 94 997.5 5.3 0
17916788,2022-10-22 12:17:30.774554,18,6.3 91 997.5 5 0
17920388,2022-10-22 13:17:30.754690,18,6.6 90 997.2 5.1 0
17923988,2022-10-22 14:17:30.245498,18,6.7 87 996.9 4.8 0
17927589,2022-10-22 15:17:30.783656,18,6.7 87 996.6 4.7 0
17931189,2022-10-22 16:17:30.804815,18,6 89 996.4 4.3 0
17934789,2022-10-22 17:17:30.757541,18,4.7 100 996.1 4.7 0
17938389,2022-10-22 18:17:30.772214,18,5.7 97 996 5.3 0
17941989,2022-10-22 19:17:30.762719,18,5.9 96 996.1 5.3 0
17945589,2022-10-22 20:17:30.766795,18,5.8 94 995.9 5.1 0
17949189,2022-10-22 21:17:30.767360,18,5.9 93 995.4 4.9 0
17952789,2022-10-22 22:17:30.766976,18,5.9 92 995.1 4.8 0
17956389,2022-10-22 23:17:30.777560,18,5.7 93 995.1 4.7 0
17959989,2022-10-23 00:17:30.812759,18,5.7 92 994.8 4.6 0
17963589,2022-10-23 01:17:30.761144,18,5.7 91 994.2 4.3 0
17967189,2022-10-23 02:17:30.771624,18,5.6 89 993.7 4 0
17970789,2022-10-23 03:17:30.795042,18,5.4 89 993 3.7 0
17974389,2022-10-23 04:17:30.780449,18,5.2 87 992.3 3.4 0
17977989,2022-10-23 05:17:30.783112,18,4.2 92 992 3.1 0
17981589,2022-10-23 06:17:30.798119,18,3.6 95 991.5 3 0
17985189,2022-10-23 07:17:30.782707,18,3.2 97 991.1 2.8 0
17988789,2022-10-23 08:17:30.768265,18,3.5 97 990.9 3.1 0
17992390,2022-10-23 09:17:30.763593,18,4.4 94 990.6 3.6 0
17995990,2022-10-23 10:17:30.773162,18,5.2 93 989.8 4.3 0
17999590,2022-10-23 11:17:30.772177,18,5.4 94 989.7 4.5 0
18003190,2022-10-23 12:17:30.768876,18,5.7 94 989.2 4.9 0
18006790,2022-10-23 13:17:30.777384,18,5.6 96 988.7 5.1 0
18010389,2022-10-23 14:17:30.279011,18,5.6 99 988 5.4 0
18013990,2022-10-23 15:17:30.817055,18,5.5 100 987.5 5.5 0
18017590,2022-10-23 16:17:30.833094,18,5.5 100 987.1 5.5 0
18021190,2022-10-23 17:17:30.835350,18,5.8 100 986.7 5.8 0
18024790,2022-10-23 18:17:30.798854,18,5.9 100 986.2 5.9 0
18028390,2022-10-23 19:17:30.814680,18,6 100 986.1 6 0
18031990,2022-10-23 20:17:30.795563,18,6.2 100 985.6 6.2 0
18035590,2022-10-23 21:17:30.790707,18,6.2 100 985 6.2 0
18039190,2022-10-23 22:17:30.808652,18,6.4 100 984.7 6.4 0
18042790,2022-10-23 23:17:30.830204,18,6.5 100 984.4 6.5 0
18046390,2022-10-24 00:17:30.813552,18,6.1 100 984.2 6.1 0
18049990,2022-10-24 01:17:30.827185,18,5.9 100 984.3 5.9 0
18053590,2022-10-24 02:17:30.799932,18,5.8 100 984 5.8 0
18057191,2022-10-24 03:17:30.799163,18,5.8 100 984.2 5.8 0
18060791,2022-10-24 04:17:30.798104,18,5.6 98 984.1 5.3 0
18064391,2022-10-24 05:17:30.806674,18,5.2 98 984.2 5 0
18067991,2022-10-24 06:17:30.816361,18,5 100 984.7 5 0
18071591,2022-10-24 07:17:30.806557,18,5 100 985.2 5 0
18075191,2022-10-24 08:17:30.790052,18,5.2 100 985.9 5.2 0
18078791,2022-10-24 09:17:30.799710,18,5.7 97 986.3 5.3 0
18082391,2022-10-24 10:17:30.818759,18,6.3 91 986.6 5 0
18085991,2022-10-24 11:17:30.834129,18,6.2 93 987.1 5.2 0
18089591,2022-10-24 12:17:30.794957,18,5.1 100 987.9 5.1 0
18093191,2022-10-24 13:17:30.799323,18,5.8 85 988.4 3.6 0
18096789,2022-10-24 14:17:29.322836,18,6.1 79 988.4 2.9 0
18100390,2022-10-24 15:17:29.831039,18,6.2 64 988.9 0 0
18103990,2022-10-24 16:17:29.831288,18,6.2 62 989.5 -0.3 0
18107590,2022-10-24 17:17:29.806802,18,5.4 62 990.1 -1.2 0
18111190,2022-10-24 18:17:29.833141,18,3.6 71 991 -0.9 0
18114790,2022-10-24 19:17:29.845115,18,3.5 71 991.3 -1.1 0
18118390,2022-10-24 20:17:29.792347,18,2.4 77 992 -1 0
18121990,2022-10-24 21:17:29.824243,18,1.1 85 992.4 -1 0
18125590,2022-10-24 22:17:29.806755,18,0.2 88 992.8 -1.4 0
18129191,2022-10-24 23:17:29.823121,18,-0.2 92 993.1 -1.2 0
18132791,2022-10-25 00:17:29.805320,18,-0.7 96 993.4 -1.2 0
18136391,2022-10-25 01:17:29.792796,18,-1.2 99 993.9 -1.2 0
18139991,2022-10-25 02:17:29.801077,18,-0.9 100 994.1 -0.9 0
18143591,2022-10-25 03:17:29.813748,18,-1.1 100 994.2 -1.1 0
18147191,2022-10-25 04:17:29.814114,18,-0.8 97 994.6 -1.2 0
18150791,2022-10-25 05:17:29.800903,18,-1.6 100 994.8 -1.6 0
18154391,2022-10-25 06:17:29.795333,18,-2.4 100 994.8 -2.4 0
18157991,2022-10-25 07:17:29.808806,18,-2.5 100 995 -2.5 0
18161591,2022-10-25 08:17:29.844035,18,-1.9 100 995.2 -1.9 0
18165191,2022-10-25 09:17:29.807705,18,0.2 92 995.2 -0.7 0
18168791,2022-10-25 10:17:29.836302,18,3 77 995.6 -0.4 0
18172391,2022-10-25 11:17:29.813394,18,4.6 67 995.7 -0.7 0
18175991,2022-10-25 12:17:29.792855,18,5.7 60 995.8 -1.2 0
18179591,2022-10-25 13:17:29.828242,18,5.3 53 995.7 -3.1 0
18183191,2022-10-25 14:17:29.371380,18,4.9 58 995.7 -2.5 0
18186792,2022-10-25 15:17:29.891779,18,4.9 58 995.7 -2.4 0
18190392,2022-10-25 16:17:29.862990,18,3.1 67 995.8 -2.3 0
18193992,2022-10-25 17:17:29.871480,18,1.1 76 995.8 -2.5 0
18197592,2022-10-25 18:17:29.879166,18,0.7 89 995.9 -0.7 0
18201192,2022-10-25 19:17:29.897331,18,0.5 92 996.2 -0.6 0
18204792,2022-10-25 20:17:29.861471,18,0.6 91 996.3 -0.4 0
18208392,2022-10-25 21:17:29.888055,18,0.6 92 996.4 -0.4 0
18211992,2022-10-25 22:17:29.899663,18,-0.5 98 996.3 -0.7 0
18215592,2022-10-25 23:17:29.849382,18,0 97 996.3 -0.3 0
18219192,2022-10-26 00:17:29.871400,18,-1 100 996.3 -1 0
18222792,2022-10-26 01:17:29.850164,18,0.4 93 996.5 -0.4 0
18226392,2022-10-26 02:17:29.878480,18,0.6 91 996.7 -0.4 0
18229992,2022-10-26 03:17:29.870645,18,0.4 93 996.9 -0.5 0
18233592,2022-10-26 04:17:29.883759,18,-0.3 96 996.8 -0.7 0
18237192,2022-10-26 05:17:29.855965,18,-0.2 95 996.7 -0.7 0
18240792,2022-10-26 06:17:29.872268,18,-0.1 94 996.8 -0.7 0
18244392,2022-10-26 07:17:29.882588,18,0.1 92 996.6 -0.8 0
18247992,2022-10-26 08:17:29.855019,18,0.6 90 996.8 -0.6 0
18251592,2022-10-26 09:17:29.865145,18,1.5 87 996.9 -0.3 0
18255192,2022-10-26 10:17:28.898632,18,3.3 78 996.8 0 0
18258792,2022-10-26 11:17:29.400373,18,3.8 74 997 -0.1 0
18262393,2022-10-26 12:17:29.863775,18,4.8 71 997 0.1 0
18265993,2022-10-26 13:17:29.891113,18,4.6 73 996.9 0.2 0
18269592,2022-10-26 14:17:29.394193,18,5.1 71 996.8 0.4 0
18273193,2022-10-26 15:17:29.913455,18,5 69 996.6 -0.1 0
18276793,2022-10-26 16:17:29.925899,18,4.4 73 996.5 0.1 0
18280393,2022-10-26 17:17:29.917033,18,3.7 79 996.6 0.5 0
18283993,2022-10-26 18:17:29.918565,18,3.5 82 996.7 0.8 0
18287593,2022-10-26 19:17:29.932990,18,3.1 83 996.7 0.6 0
18291193,2022-10-26 20:17:29.914046,18,2.7 84 996.5 0.4 0
18294793,2022-10-26 21:17:29.936216,18,2.3 85 996.5 0.2 0
18298393,2022-10-26 22:17:29.935091,18,2.3 84 996.7 0 0
18301993,2022-10-26 23:17:29.947678,18,2.4 83 996.4 0 0
18305593,2022-10-27 00:17:29.930395,18,2.2 84 996.2 0 0
18309193,2022-10-27 01:17:29.929288,18,2 85 996.2 -0.2 0
18312794,2022-10-27 02:17:29.931611,18,1.4 88 996 -0.1 0
18316394,2022-10-27 03:17:29.918514,18,1.6 87 995.8 -0.2 0
18319994,2022-10-27 04:17:29.923039,18,1.5 87 995.6 -0.2 0
18323594,2022-10-27 05:17:29.919167,18,0.9 90 995.5 -0.3 0
18327194,2022-10-27 06:17:29.901940,18,1.4 89 995.5 0 0
18330794,2022-10-27 07:17:29.944654,18,1.7 89 995.7 0.1 0
18334394,2022-10-27 08:17:29.915786,18,1.9 90 995.9 0.4 0
18337994,2022-10-27 09:17:29.910537,18,2.5 91 996.2 1.3 0
18341594,2022-10-27 10:17:29.935936,18,3.1 89 996.7 1.5 0
18345194,2022-10-27 11:17:29.920136,18,4.3 83 996.6 1.7 0
18348794,2022-10-27 12:17:29.916989,18,5 82 996.7 2.3 0
18352394,2022-10-27 13:17:29.929008,18,6 80 996.8 2.8 0
18355994,2022-10-27 14:17:29.432069,18,5.3 82 997 2.6 0
18359594,2022-10-27 15:17:29.980343,18,5.1 84 997.2 2.8 0
18363194,2022-10-27 16:17:29.981890,18,4.4 88 997.6 2.7 0
18366794,2022-10-27 17:17:29.966019,18,3 95 998 2.3 0
18370394,2022-10-27 18:17:29.972863,18,1.7 100 998.1 1.7 0
18373994,2022-10-27 19:17:29.962497,18,2.4 100 998.4 2.4 0
18377594,2022-10-27 20:17:29.959477,18,1.6 100 998.6 1.6 0
18381194,2022-10-27 21:17:29.970266,18,1.7 100 998.9 1.7 0
18384795,2022-10-27 22:17:29.986050,18,3 100 999.1 3 0
18388395,2022-10-27 23:17:29.968407,18,3.1 100 999.2 3.1 0
18391995,2022-10-28 00:17:29.954939,18,3.1 100 999 3.1 0
18395595,2022-10-28 01:17:29.976379,18,2.8 100 998.8 2.8 0
18399195,2022-10-28 02:17:29.973289,18,3 100 999.2 3 0
18402795,2022-10-28 03:17:29.975017,18,3.2 100 999 3.2 0
18406395,2022-10-28 04:17:29.974783,18,3.8 96 999.1 3.4 0
18409995,2022-10-28 05:17:29.957151,18,3.7 97 998.8 3.3 0
18413595,2022-10-28 06:17:29.981306,18,4 97 998.9 3.6 0
18417195,2022-10-28 07:17:29.959089,18,3.7 100 998.6 3.7 0
18420795,2022-10-28 08:17:29.969470,18,4.2 100 998.6 4.2 0
18424395,2022-10-28 09:17:29.950351,18,4.5 100 998.6 4.5 0
18427995,2022-10-28 10:17:29.972979,18,5.1 100 998.4 5.1 0
18431595,2022-10-28 11:17:30.048500,18,6.2 98 998.4 6 0
18435195,2022-10-28 12:17:29.967844,18,6.9 97 998 6.5 0
18438795,2022-10-28 13:17:29.967288,18,8 93 997.4 7 0
18442395,2022-10-28 14:17:29.462348,18,8.2 93 997.1 7.2 0
18445995,2022-10-28 15:17:29.979363,18,8.8 91 996.7 7.4 0
18449596,2022-10-28 16:17:29.991130,18,8.7 92 996.4 7.5 0
18453196,2022-10-28 17:17:30.007455,18,8.5 94 996.2 7.7 0
18456796,2022-10-28 18:17:29.997723,18,8.1 100 996 8.1 0
18460396,2022-10-28 19:17:29.984950,18,8.1 100 995.9 8.1 0
18463996,2022-10-28 20:17:29.989287,18,8.4 100 995.3 8.4 0
18467596,2022-10-28 21:17:29.989345,18,8.4 100 995.1 8.4 0
18471196,2022-10-28 22:17:30.024099,18,8.5 100 995 8.4 0
18474796,2022-10-28 23:17:29.994037,18,8.7 100 994.6 8.7 0
18478396,2022-10-29 00:17:29.987900,18,8.8 100 993.9 8.8 0
18481996,2022-10-29 01:17:29.995176,18,8.8 100 993.6 8.8 0
18485596,2022-10-29 02:17:29.991033,18,8.9 100 993.2 8.9 0
18489196,2022-10-29 03:17:29.998633,18,9 100 993 9 0
18492796,2022-10-29 04:17:29.997013,18,9 100 992.4 8.9 0
18496396,2022-10-29 05:17:30.000612,18,8.5 100 991.9 8.5 0
18499996,2022-10-29 06:17:29.985275,18,8.9 100 991.4 8.9 0
18503596,2022-10-29 07:17:29.984969,18,9.1 100 990.7 9.1 0
18507196,2022-10-29 08:17:29.970420,18,9 100 990.1 9 0
18510796,2022-10-29 09:17:30.025346,18,9.4 99 989.6 9.3 0
18514397,2022-10-29 10:17:29.997012,18,9.6 98 988.9 9.3 0
18517997,2022-10-29 11:17:30.006149,18,9.3 100 988.2 9.3 0
18521597,2022-10-29 12:17:30.029127,18,9.4 100 987.1 9.4 0
18525197,2022-10-29 13:17:30.006081,18,9.6 99 986.4 9.5 0
18528796,2022-10-29 14:17:29.493968,18,9.9 98 985.6 9.6 0
18532397,2022-10-29 15:17:30.002478,18,9.9 96 984.9 9.5 0
18535997,2022-10-29 16:17:30.055026,18,9.7 98 984.2 9.5 0
18539597,2022-10-29 17:17:30.033819,18,9.6 99 983.4 9.5 0
18543197,2022-10-29 18:17:30.022620,18,9.7 99 982.4 9.6 0
18546797,2022-10-29 19:17:30.032855,18,9.7 99 981.6 9.6 0
18550397,2022-10-29 20:17:29.993329,18,9.6 100 980.7 9.6 0
18553997,2022-10-29 21:17:30.032319,18,9.5 100 979.7 9.5 0
18557597,2022-10-29 22:17:30.017967,18,9.6 100 979 9.6 0
18561197,2022-10-29 23:17:30.033688,18,9.7 100 977.8 9.7 0
18564797,2022-10-30 00:17:30.025925,18,9.8 100 976.5 9.8 0
18568397,2022-10-30 01:17:30.018507,18,9.9 100 975.7 9.9 0
18571997,2022-10-30 02:17:30.008283,18,10.5 100 975.1 10.5 0
18575598,2022-10-30 03:17:30.013843,18,10.9 100 974.4 10.9 0
18579198,2022-10-30 04:17:30.016739,18,11 100 973.9 11 0
18582798,2022-10-30 05:17:30.019184,18,11.1 97 973.6 10.7 0
18586398,2022-10-30 06:17:30.025307,18,10.6 92 973.8 9.4 0
18589998,2022-10-30 07:17:30.025545,18,9.8 93 973.9 8.7 0
18593598,2022-10-30 08:17:30.030378,18,9.2 92 973.8 8.1 0
18597198,2022-10-30 09:17:30.049909,18,9.1 84 974.4 6.6 0
18600798,2022-10-30 10:17:30.048233,18,8 73 974.7 3.5 0
18604398,2022-10-30 11:17:30.017709,18,7.7 72 974.4 3.2 0
18607998,2022-10-30 12:17:30.005565,18,7.5 73 974.1 3 0
18611598,2022-10-30 13:17:30.008416,18,7.8 75 973.7 3.6 0
18615198,2022-10-30 14:17:29.568650,18,5.8 83 974 3.2 0
18618798,2022-10-30 15:17:30.047716,18,5.5 77 973.9 1.9 0
18622398,2022-10-30 16:17:30.098851,18,2.3 96 974.8 1.8 0
18625998,2022-10-30 17:17:30.062415,18,2.2 93 974.9 1.3 0
18629598,2022-10-30 18:17:30.045219,18,1.7 99 975.5 1.7 0
18633198,2022-10-30 19:17:30.038912,18,1.5 91 976.3 0.3 0
18636798,2022-10-30 20:17:30.107414,18,1.1 91 976.1 -0.1 0
18640398,2022-10-30 21:17:30.039631,18,0.8 92 976 -0.2 0
18643998,2022-10-30 22:17:30.084296,18,0.6 86 976 -1.3 0
18647599,2022-10-30 23:17:30.059795,18,0.4 83 976 -2 0
18651199,2022-10-31 00:17:30.057261,18,0.2 79 975.9 -2.8 0
18654799,2022-10-31 01:17:30.044729,18,0.1 79 975.9 -2.9 0
18658399,2022-10-31 02:17:30.070396,18,-0.1 81 975.7 -2.5 0
18661999,2022-10-31 03:17:30.089812,18,0.1 79 975.1 -3 0
18665599,2022-10-31 04:17:30.049065,18,0.2 77 975 -3.1 0
18669199,2022-10-31 05:17:30.066799,18,-0.8 94 975.3 -1.5 0
18672799,2022-10-31 06:17:30.080274,18,-1 100 975.1 -1 0
18676399,2022-10-31 07:17:30.065674,18,-0.8 96 975.3 -1.2 0
18679999,2022-10-31 08:17:30.074080,18,-0.7 97 976.1 -1.1 0
18683599,2022-10-31 09:17:30.037123,18,-0.3 97 977.3 -0.6 0
18687199,2022-10-31 10:17:30.081764,18,0.5 98 978.7 0.3 0
18690799,2022-10-31 11:17:30.095038,18,1.4 92 980.1 0.3 0
18694399,2022-10-31 12:17:30.075879,18,1.8 86 981.3 -0.1 0
18697999,2022-10-31 13:17:30.078135,18,2.3 84 982.4 0 0
18701599,2022-10-31 14:17:29.564981,18,2.2 87 982.7 0.3 0
18705199,2022-10-31 15:17:30.072964,18,2.2 87 983.1 0.3 0
18708799,2022-10-31 16:17:30.094853,18,2.4 88 983.7 0.6 0
18712400,2022-10-31 17:17:30.058560,18,2.6 87 984.4 0.8 0
18716000,2022-10-31 18:17:30.081795,18,2.6 86 985.1 0.6 0
18719600,2022-10-31 19:17:30.082439,18,2.5 84 985.9 0.3 0
18723200,2022-10-31 20:17:30.052876,18,2.3 86 986.5 0.2 0
18726800,2022-10-31 21:17:30.073490,18,2 87 987.1 0.1 0
18730400,2022-10-31 22:17:30.071303,18,1.7 87 987.7 0 0
18734000,2022-10-31 23:17:30.047693,18,1.6 86 988.5 -0.4 0
